price,minimum_nights,number_of_reviews,reviews_per_month,calculated_host_listings_count,availability_365,class
149,1,9,0.21,6,365,0
225,1,45,0.38,2,355,1
89,1,270,4.64,1,194,1
80,10,9,0.1,1,0,1
200,3,74,0.59,1,129,1
60,45,49,0.4,1,0,0
79,2,430,3.47,1,220,0
79,2,118,0.99,1,0,0
150,1,160,1.33,4,188,1
135,5,53,0.43,1,6,1
85,2,188,1.5,1,39,0
89,4,167,1.34,3,314,0
85,2,113,0.91,1,333,0
120,90,27,0.22,1,0,1
140,2,148,1.2,1,46,1
215,2,198,1.72,1,321,1
140,1,260,2.12,1,12,0
99,3,53,4.44,1,21,1
299,3,9,0.07,1,0,1
130,2,130,1.09,6,347,0
80,1,39,0.37,6,364,0
110,2,71,0.61,6,304,0
120,2,88,0.73,2,233,1
60,1,19,1.37,2,85,0
150,10,58,0.49,1,75,1
44,3,108,1.11,3,311,0
180,14,29,0.24,1,67,1
50,3,242,2.04,3,355,0
52,2,88,1.42,1,255,0
55,4,197,1.65,3,284,0
50,3,273,2.37,3,359,0
70,1,74,0.66,2,269,0
89,4,168,1.41,3,340,0
85,2,231,1.96,2,22,1
40,1,214,1.81,4,188,2
68,2,245,2.08,2,96,0
120,3,15,0.39,1,345,1
120,7,25,0.23,1,311,0
135,4,81,0.69,1,273,0
150,7,97,0.84,1,309,1
150,29,11,0.49,1,95,1
130,3,248,2.25,1,215,0
110,7,61,0.52,1,265,1
115,3,11,0.1,1,0,1
80,3,135,1.16,2,192,0
80,1,112,1.01,3,251,0
151,2,73,0.63,1,302,1
228,3,82,0.7,1,140,1
144,2,328,2.82,1,234,1
200,7,19,0.22,1,257,1
150,30,105,0.9,1,30,1
110,5,19,0.17,1,301,0
69,2,289,2.49,2,294,0
49,4,138,1.19,3,320,0
180,30,21,0.3,1,154,1
80,2,42,0.38,1,263,0
375,180,5,0.12,1,180,1
250,2,66,0.57,2,231,1
200,30,143,1.33,2,297,1
55,7,27,0.23,2,292,0
52,30,191,1.65,1,191,0
225,3,4,0.16,1,0,1
80,1,338,4.72,2,72,0
275,1,148,1.4,1,362,1
99,1,106,1.26,2,336,0
225,4,190,1.64,1,215,1
230,9,49,0.43,1,116,1
51,7,23,0.43,1,88,0
65,2,49,1.6,2,336,0
105,2,105,0.92,1,304,0
190,5,21,0.2,1,224,1
200,1,142,1.5,1,322,0
70,30,25,0.22,1,324,0
95,3,143,1.28,1,132,0
150,3,167,1.65,1,295,0
145,3,61,0.54,4,238,0
110,31,54,0.49,1,209,1
285,5,70,0.62,1,328,1
130,6,16,0.15,1,38,1
94,30,94,0.84,1,188,0
800,1,25,0.24,1,7,1
105,3,61,0.53,1,272,1
60,3,194,1.73,1,26,0
50,1,2,0.05,1,0,0
85,3,174,1.54,4,288,0
65,4,24,0.28,1,317,0
131,4,166,3.4,1,207,1
98,7,16,0.2,6,185,0
250,7,21,0.3,1,158,1
100,5,168,1.57,1,0,1
105,3,118,1.05,2,9,1
140,3,81,0.71,1,198,1
89,1,1,0.11,1,365,0
98,30,30,0.27,2,364,0
125,7,139,1.23,2,311,1
60,3,11,0.87,3,219,0
175,2,233,2.09,3,342,1
65,2,68,0.6,1,312,0
500,4,46,0.55,2,243,1
101,3,335,3.02,1,152,0
220,30,88,0.79,1,9,1
125,90,162,1.46,2,137,1
80,30,29,0.4,1,222,1
100,2,170,1.61,1,346,0
200,30,19,0.2,1,208,1
59,2,334,3,2,279,0
125,2,19,0.2,6,250,0
140,7,12,0.13,1,164,1
120,30,467,4.22,2,192,1
350,2,7,0.06,4,298,1
199,5,38,0.38,1,260,1
325,3,324,3.01,1,107,1
235,6,27,0.27,1,199,1
225,1,115,1.05,4,299,1
99,2,354,3.2,3,20,0
170,2,195,2.03,1,318,1
400,2,16,0.24,2,216,1
170,7,13,0.12,1,224,1
100,4,25,0.23,1,0,1
75,2,9,0.08,1,324,0
90,1,9,0.08,1,245,0
150,5,21,0.19,1,189,1
85,15,36,0.33,1,307,0
70,3,63,0.58,2,310,0
120,3,155,1.42,3,213,1
89,3,260,2.35,1,278,0
185,5,73,0.66,1,209,1
50,3,193,1.86,1,0,0
105,3,32,0.29,1,16,1
130,2,50,0.45,3,234,0
115,29,26,0.25,1,12,1
77,2,2,0.02,1,178,0
76,2,426,3.89,3,275,0
125,3,227,2.09,2,163,1
135,4,84,0.77,3,365,0
250,29,3,0.03,1,34,1
199,3,10,0.1,1,280,1
140,2,4,0.04,1,0,1
140,2,1,0.01,1,1,0
115,3,124,1.72,2,170,1
160,3,11,0.11,1,188,1
195,4,240,2.19,1,214,1
195,3,30,0.28,1,248,1
80,3,200,1.86,4,262,0
44,8,27,1.05,5,280,0
156,4,79,0.74,1,307,0
85,15,9,0.09,1,339,0
125,3,155,1.61,1,1,0
115,15,4,0.05,1,269,1
69,2,34,0.32,1,10,0
225,45,134,1.24,1,312,1
125,6,27,0.25,1,189,1
219,4,126,1.16,2,290,1
475,3,23,0.27,1,230,1
99,1,234,2.6,2,164,1
69,4,202,1.86,2,53,0
79,30,28,0.26,1,126,0
135,2,309,2.86,2,3,1
250,3,14,0.13,1,189,0
250,3,4,0.08,1,365,1
250,2,80,2.17,1,0,1
80,3,2,0.04,1,0,1
70,2,294,3.47,3,336,0
165,2,150,1.4,3,342,1
70,2,166,1.66,1,312,0
50,2,47,0.94,1,37,0
40,1,219,2.04,3,353,0
150,2,193,1.78,1,177,1
125,1,84,0.78,4,310,0
196,3,114,1.06,1,0,1
110,2,213,2,2,321,0
170,3,86,0.8,1,246,1
165,3,80,0.75,3,231,1
150,26,38,0.36,1,225,1
100,2,18,1.79,1,0,1
65,2,206,1.92,2,0,0
350,8,10,0.11,5,365,1
99,4,122,1.18,2,233,0
200,4,33,0.58,1,1,1
150,5,52,0.5,1,18,1
90,3,126,1.17,4,343,0
120,3,51,0.48,3,250,0
75,3,199,1.85,1,326,0
175,26,30,0.29,1,364,1
125,3,3,0.03,1,0,1
275,1,41,0.38,1,299,1
299,2,109,1.04,1,207,1
135,5,151,1.43,3,162,1
83,1,285,2.69,1,7,0
123,1,375,3.52,1,328,0
55,2,52,0.49,2,365,0
195,5,10,1.01,1,0,1
80,2,11,0.48,1,0,0
98,30,33,0.31,5,240,1
140,7,6,0.06,5,365,0
265,7,38,0.38,5,365,1
249,2,358,3.44,2,164,1
105,6,10,0.09,1,363,2
100,2,226,2.12,3,250,0
121,1,104,1,5,247,1
45,1,138,1.45,3,323,0
100,5,204,1.92,1,192,0
140,2,253,3.04,1,125,1
71,2,23,0.22,1,91,0
130,2,115,1.17,1,75,0
199,5,129,1.22,1,286,1
69,4,82,1.13,2,60,0
68,3,37,0.35,1,0,0
130,1,204,2.04,1,192,1
195,2,69,0.65,1,58,1
64,1,192,1.84,5,245,0
140,2,17,0.16,1,292,1
159,2,222,2.12,1,279,1
189,3,205,1.96,1,0,1
250,3,94,0.96,1,3,1
239,3,7,0.07,1,351,1
305,2,108,1.09,1,201,1
155,3,222,2.1,2,232,1
60,1,458,4.58,2,258,0
135,2,21,0.26,1,272,0
120,7,17,0.3,1,341,0
150,3,41,0.39,1,244,1
140,14,1,0.01,5,365,1
135,2,69,0.67,1,12,1
250,4,18,0.18,2,265,1
250,30,82,0.78,1,0,1
500,4,94,0.99,1,329,1
225,5,10,0.1,1,91,1
125,28,183,1.83,2,365,1
92,1,189,1.82,5,253,0
175,2,1,0.11,1,365,0
99,2,127,1.22,1,320,1
195,4,4,0.04,1,0,1
140,3,135,1.3,3,192,1
135,2,21,0.2,1,0,1
500,2,35,0.34,1,348,1
80,14,10,2.21,2,0,0
120,4,171,1.8,2,353,0
110,200,92,0.9,1,140,1
65,3,238,2.3,1,2,1
130,50,56,0.58,1,56,1
99,3,111,2.13,1,68,1
36,2,193,1.85,6,360,0
37,2,147,1.44,6,0,0
37,2,177,1.71,6,320,0
175,3,185,1.78,2,326,1
205,9,62,0.7,2,76,1
285,3,124,1.22,3,279,1
59,2,181,1.77,2,15,0
36,2,333,3.19,6,340,0
99,5,441,4.5,1,226,1
39,1,45,0.46,2,365,0
60,14,9,0.09,2,0,0
105,2,38,0.5,13,365,1
135,2,248,2.39,2,11,1
390,5,143,1.38,2,316,1
70,3,36,0.41,4,281,0
60,17,14,0.14,4,362,0
100,3,279,2.69,1,301,0
70,4,18,0.22,4,189,0
110,6,50,3.55,1,0,0
60,2,227,2.27,2,287,0
90,14,1,0.16,1,14,1
68,2,203,1.96,2,86,0
115,2,210,2.1,1,261,1
75,5,64,0.67,1,68,0
129,7,5,0.15,1,231,1
130,10,49,0.48,1,152,1
95,4,132,1.27,1,46,1
75,3,20,0.26,1,364,0
175,2,11,0.11,1,246,1
190,3,51,0.57,1,288,1
49,21,15,0.15,5,331,0
212,3,67,1.31,1,51,1
95,1,109,1.11,3,364,0
140,2,9,0.11,1,254,1
135,6,187,1.87,1,189,1
150,2,214,2.08,2,263,1
190,3,69,0.79,2,258,1
124,28,22,0.26,1,103,1
135,30,56,0.56,1,42,1
122,3,93,0.93,1,246,0
109,1,104,1.05,2,364,0
85,30,64,0.68,1,318,0
145,3,127,1.25,2,72,1
195,11,30,0.32,1,249,1
250,2,106,1.34,3,272,1
125,3,6,0.1,1,325,0
575,2,191,1.88,1,298,1
150,30,48,0.55,1,35,1
70,5,47,0.49,1,203,0
90,2,120,1.27,1,132,0
65,3,52,0.63,1,5,0
500,2,48,0.48,4,297,1
250,3,32,0.43,2,276,1
125,25,43,0.42,1,102,1
200,30,39,0.44,1,251,1
229,1,50,0.5,1,188,1
90,30,4,0.35,2,346,1
110,13,38,0.39,1,0,1
59,3,29,0.36,1,15,0
195,4,59,0.6,1,71,1
169,1,68,0.67,2,215,1
113,14,26,0.27,3,253,1
250,14,31,0.31,1,78,1
115,2,198,2.01,1,257,1
55,2,1,0.01,1,0,0
69,2,220,2.17,2,8,0
150,3,286,2.81,1,191,1
169,2,398,3.97,3,182,1
179,3,36,0.36,28,79,0
150,3,36,0.36,1,49,0
135,4,6,0.1,1,0,1
350,6,14,0.3,1,156,1
120,14,76,0.76,6,343,0
71,2,182,1.81,1,200,0
349,3,8,0.09,28,60,0
349,3,7,0.07,28,60,0
165,30,34,0.51,2,189,1
249,3,2,0.02,28,60,0
100,3,66,0.68,2,0,0
200,3,80,0.85,2,106,1
169,4,240,2.4,1,276,1
185,3,46,1.07,1,248,1
65,2,228,2.27,1,194,1
130,35,5,0.05,1,135,1
199,30,8,0.11,1,30,1
225,2,33,0.33,1,0,1
179,3,13,0.14,28,81,0
150,5,5,0.05,1,0,1
139,1,388,3.88,1,142,1
95,3,223,2.22,2,60,0
79,15,11,0.11,5,179,1
150,2,151,1.51,2,52,1
90,3,218,2.26,4,324,1
120,2,75,0.76,2,237,1
80,1,42,1.21,2,365,0
175,2,370,3.74,1,204,1
120,5,104,1.04,1,272,1
140,7,13,0.13,1,0,1
200,5,4,0.07,1,9,1
165,4,11,0.11,3,365,0
125,4,1,0.01,3,181,1
130,30,19,0.19,1,189,1
65,7,131,1.31,2,0,2
123,30,15,0.15,1,189,1
67,2,136,1.37,1,296,0
50,1,43,0.45,1,88,0
130,7,98,0.99,1,35,1
100,3,31,0.31,1,0,0
212,21,45,0.46,1,35,1
190,3,124,1.76,1,359,1
599,3,9,0.09,28,60,0
249,5,166,1.68,2,365,1
70,27,13,0.13,1,335,0
100,30,15,0.16,5,282,1
60,3,380,3.83,2,247,0
135,2,86,0.87,1,102,1
175,3,248,2.53,3,274,1
120,5,49,0.56,1,201,1
169,18,54,0.57,1,98,1
165,7,3,0.03,1,157,1
90,1,1,0.02,1,0,0
225,2,56,0.57,1,312,1
95,2,163,1.66,2,331,0
55,2,247,2.51,2,275,0
85,10,116,1.17,1,174,0
199,14,27,0.28,2,223,1
211,1,52,0.6,3,361,1
145,6,39,0.4,1,0,1
65,14,35,0.35,1,283,0
99,1,320,3.23,1,220,1
110,4,30,0.32,1,363,1
80,3,225,2.27,4,315,1
150,30,95,0.96,1,281,1
110,4,70,0.75,1,283,1
290,2,35,0.36,1,20,0
190,4,50,0.51,1,331,1
200,2,29,0.31,1,36,1
165,2,23,0.23,2,7,1
110,2,142,1.44,2,301,1
395,2,70,0.73,1,170,1
99,2,38,0.54,2,307,0
39,1,82,0.94,2,365,0
189,2,403,4.1,3,201,1
85,1,3,0.03,1,0,0
260,30,3,0.03,1,316,1
122,1,116,1.18,5,271,1
165,2,175,1.79,1,139,1
97,3,28,1.21,3,209,1
170,4,24,0.25,1,0,1
125,2,15,0.15,1,0,1
130,4,105,1.07,1,193,0
225,10,22,0.38,1,52,1
50,2,263,2.69,2,136,0
170,3,86,0.91,2,286,1
132,4,10,0.1,1,0,1
250,7,18,0.21,1,18,1
141,5,8,0.21,1,9,1
64,20,70,0.73,1,3,1
249,3,150,1.55,1,277,1
79,2,115,1.18,1,0,0
185,2,69,0.71,1,233,1
120,3,232,2.41,1,221,1
495,1,35,0.41,1,355,1
375,3,18,0.21,1,0,1
175,3,68,0.69,1,277,1
150,4,22,0.23,1,0,1
259,8,17,0.17,1,343,1
96,1,34,0.58,1,0,0
145,7,8,0.08,1,0,1
95,5,2,0.08,1,0,1
250,4,52,0.72,1,188,1
295,2,74,0.76,2,264,1
175,3,18,0.19,1,0,1
451,2,72,0.86,1,331,1
165,2,191,2.18,1,236,1
77,1,197,2.49,1,309,1
250,4,19,0.2,1,0,1
129,1,414,4.34,1,245,1
98,2,8,0.09,4,0,0
95,7,25,0.3,1,359,0
55,3,119,1.22,5,333,0
300,2,203,2.14,3,258,1
42,40,53,0.55,3,236,0
125,2,104,1.09,1,22,1
175,3,175,1.8,1,236,0
75,3,38,0.42,3,365,0
255,45,39,0.5,1,89,1
72,31,88,0.91,1,164,1
165,1,27,0.28,4,311,0
165,5,117,1.28,1,23,1
75,3,43,0.44,2,365,0
130,5,4,0.05,1,0,1
139,2,385,4,1,222,1
88,1,64,0.68,3,238,0
80,1,39,0.41,3,218,0
150,2,37,1.79,1,0,0
200,3,10,0.12,1,0,1
200,2,103,1.08,1,235,1
42,40,41,0.43,3,246,0
90,6,3,0.03,1,0,0
295,3,227,2.33,1,247,1
450,5,37,0.79,1,15,1
130,2,29,0.35,1,119,1
89,3,205,2.31,3,0,0
198,5,42,0.44,2,234,1
99,2,280,2.92,3,257,1
46,4,86,0.89,3,350,0
140,2,54,0.56,1,221,0
500,7,7,0.07,1,0,1
75,5,57,0.59,2,201,0
33,44,31,0.32,3,161,0
250,31,188,1.94,1,259,1
60,3,480,6.7,1,0,0
75,2,34,0.35,1,222,0
350,5,6,0.06,1,0,1
205,9,3,0.04,2,76,1
219,5,2,0.03,1,0,1
60,1,20,0.21,6,258,0
185,2,129,1.33,1,14,1
190,3,147,1.6,1,27,1
105,28,101,1.06,1,167,1
250,2,11,0.12,2,68,1
175,65,11,0.12,1,358,1
65,2,41,0.43,2,59,0
75,2,87,1.09,1,0,1
37,4,117,1.21,1,232,0
85,2,86,0.89,2,15,1
79,2,15,0.16,1,0,1
85,2,35,0.55,2,161,0
170,2,17,0.18,2,88,0
115,3,3,0.04,2,337,0
89,5,43,0.47,2,247,0
49,3,168,4.6,1,248,2
91,3,241,2.49,1,287,0
400,2,105,1.13,1,304,1
150,2,11,0.46,1,0,1
2000,30,30,0.33,11,0,1
97,3,31,0.32,1,193,1
100,4,49,0.51,2,43,0
179,4,23,0.24,1,25,1
500,2,20,0.21,2,127,1
429,10,18,0.9,1,0,1
189,6,90,0.95,1,303,1
120,2,99,1.04,1,345,0
300,1,6,0.06,3,115,1
107,30,21,0.22,8,200,1
95,30,24,0.26,8,271,1
199,2,111,1.17,1,12,1
120,2,86,0.91,1,268,1
199,15,66,0.69,2,89,1
125,2,271,2.84,2,347,1
70,2,227,2.4,1,37,0
75,4,80,1.55,1,0,0
100,30,5,0.07,1,359,0
99,2,187,1.97,2,287,1
250,1,2,0.02,1,0,1
350,6,1,0.02,1,233,1
170,3,67,0.7,1,129,1
165,1,63,0.68,1,0,1
99,1,89,1,1,353,0
255,4,1,0.02,1,365,0
169,3,177,1.86,1,297,1
99,4,90,0.94,1,56,1
169,7,39,0.41,1,44,1
160,3,42,0.44,1,355,1
215,3,33,0.35,1,156,1
130,3,179,2.02,1,273,1
110,3,81,0.85,2,274,0
150,28,43,0.45,2,258,0
65,30,52,0.54,1,276,0
75,2,160,1.68,1,65,0
149,6,23,0.27,2,0,1
89,6,35,0.37,1,180,0
50,1,225,2.35,1,343,0
43,1,401,6.62,2,43,0
42,1,72,0.84,2,96,0
85,1,46,0.97,1,59,0
139,3,83,1.19,1,255,1
105,1,211,2.21,2,252,0
265,5,15,0.16,1,0,1
149,1,122,1.29,1,20,1
68,2,295,3.9,2,188,0
99,3,207,2.18,1,304,1
75,3,50,0.65,2,38,0
100,2,273,2.85,1,254,0
160,30,25,0.26,1,46,1
190,4,105,1.62,1,328,1
67,4,72,0.76,3,0,0
190,1,8,0.08,1,0,1
248,2,58,0.61,6,199,1
100,6,8,0.09,1,249,0
95,3,172,1.84,2,64,0
150,1,330,7.14,1,111,0
145,3,123,1.29,1,287,1
41,2,55,0.59,1,286,0
120,4,87,0.99,1,263,1
50,3,258,2.7,2,276,0
157,2,4,0.18,1,0,1
195,14,31,0.33,1,263,1
70,4,128,1.34,2,90,1
185,3,14,0.15,1,0,1
145,3,30,0.32,3,11,1
50,28,258,2.9,1,287,0
185,3,228,2.39,3,1,1
250,1,60,0.65,1,0,1
80,90,9,0.2,1,338,0
230,2,179,1.88,1,44,1
100,7,9,0.1,1,0,1
40,1,1,0.37,1,5,0
200,30,25,0.49,1,0,0
80,2,2,0.05,1,158,0
79,3,152,1.6,3,192,0
95,30,24,0.25,8,358,1
300,2,45,0.47,3,31,1
100,30,7,0.08,1,241,1
80,7,19,0.35,1,285,0
110,1,24,0.26,1,183,1
172,4,8,0.09,2,189,1
199,1,29,0.31,2,162,1
199,1,14,0.15,2,158,1
100,1,33,0.38,1,84,0
55,4,99,1.04,1,260,0
75,3,59,0.62,3,0,0
146,3,142,1.5,1,166,1
116,29,22,0.23,1,335,1
150,3,82,0.87,2,90,0
120,2,23,0.24,6,342,0
199,4,32,0.34,1,28,1
150,5,24,0.25,1,363,1
69,1,59,0.63,2,86,0
300,55,6,0.08,2,83,0
230,4,18,0.21,1,0,1
125,4,3,0.03,1,0,1
79,3,115,1.21,3,264,0
130,3,154,1.63,2,305,0
239,1,164,1.73,11,356,0
75,6,76,0.8,1,278,1
220,3,116,1.23,2,135,1
80,3,234,2.47,4,308,1
288,2,120,1.27,1,229,1
135,4,82,0.87,1,273,1
225,3,13,0.15,1,83,1
110,30,59,0.64,1,281,0
100,7,63,1.87,1,321,1
130,2,52,0.55,1,303,0
89,1,278,2.95,3,192,0
200,5,1,0.01,1,0,1
80,2,35,0.4,1,36,1
50,5,235,2.49,2,271,0
135,28,115,1.21,2,341,1
90,1,109,1.15,1,333,0
270,5,1,0.01,1,210,0
110,3,305,3.24,1,231,1
145,1,102,1.52,1,308,1
179,30,83,0.88,1,292,1
55,1,19,0.25,1,311,0
110,2,61,0.65,1,264,0
325,5,89,0.94,1,153,1
75,30,65,0.74,3,219,0
300,1,40,0.44,1,0,1
130,30,80,0.86,2,332,0
190,30,136,1.45,1,120,1
200,3,100,1.06,1,191,1
180,2,125,1.36,3,248,1
350,5,40,0.5,1,67,1
195,30,139,1.59,4,325,1
300,7,2,0.03,1,0,1
75,28,49,0.53,1,313,1
100,5,8,0.11,1,0,1
85,5,124,1.32,1,69,0
80,21,5,0.12,1,0,1
55,1,147,1.57,1,293,0
438,1,43,0.46,11,363,0
110,6,8,0.33,1,4,1
200,2,37,0.39,1,257,1
279,1,120,1.28,11,362,0
137,1,24,0.29,1,0,1
280,3,5,0.05,1,365,1
199,30,242,2.59,1,102,1
71,4,229,2.45,1,26,0
42,2,108,1.36,2,302,0
180,2,181,1.92,1,280,1
226,5,34,0.39,1,302,1
85,3,5,0.05,1,281,0
135,1,5,0.06,1,0,1
79,4,60,0.64,2,297,1
154,1,238,2.59,1,246,1
199,3,34,0.37,28,60,1
700,3,131,1.4,4,296,1
246,4,6,0.16,1,0,1
125,60,4,0.06,1,364,0
100,1,7,0.08,4,281,0
295,5,125,3.04,1,0,1
119,1,49,0.58,1,0,1
125,1,11,0.12,2,365,0
850,3,107,1.15,1,249,1
129,2,241,2.6,1,303,0
140,1,176,1.89,1,300,0
115,4,151,1.63,2,323,0
200,3,49,0.53,2,0,1
96,120,13,0.14,1,204,1
199,3,33,0.47,28,60,1
199,3,24,0.32,28,84,1
199,3,59,0.66,28,60,1
69,1,2,0.04,1,303,0
185,2,16,0.23,1,261,1
81,2,72,0.77,1,0,0
199,3,24,0.26,28,60,1
199,3,23,0.26,28,60,1
199,3,43,0.47,28,60,1
199,3,30,0.32,28,56,1
199,3,39,0.44,28,84,1
349,3,8,0.09,28,58,0
249,3,3,0.03,28,60,0
299,3,6,0.1,28,60,0
179,3,4,0.05,28,81,0
54,5,56,0.66,3,365,0
599,3,7,0.08,28,60,0
110,1,2,0.03,1,0,1
220,2,178,2.69,1,297,1
89,30,30,0.8,1,91,0
170,2,190,2.04,1,315,1
495,7,25,0.27,2,338,1
80,10,81,0.98,2,40,1
760,2,7,0.08,1,361,1
98,4,216,2.31,1,288,0
125,30,31,0.33,1,218,1
48,90,53,0.57,2,1,0
64,3,247,2.65,2,117,0
154,3,233,2.5,1,0,1
139,3,135,1.45,1,204,1
75,4,20,0.23,1,0,0
325,4,46,0.5,1,20,1
195,365,10,0.12,1,0,1
58,1,143,2.83,1,0,0
250,2,21,0.26,4,333,1
125,2,8,0.09,4,353,1
70,7,4,0.05,2,0,1
189,2,314,3.45,2,206,1
130,3,18,0.25,1,1,1
145,7,11,0.12,1,0,1
101,7,51,0.55,1,307,0
95,5,20,0.33,1,0,0
375,7,8,0.12,1,0,1
153,31,59,0.63,1,27,1
92,4,54,0.62,1,27,1
80,5,10,0.46,1,348,0
300,4,153,1.66,4,246,1
145,3,110,1.2,1,15,1
88,2,69,0.91,2,0,0
155,1,1,0.18,1,5,1
185,180,24,0.26,1,0,1
73,2,95,1.02,2,0,0
225,2,129,1.41,1,107,1
85,7,171,1.84,2,144,0
99,2,20,0.59,1,98,0
48,90,17,0.27,2,0,0
200,5,8,0.09,1,0,1
485,7,11,0.12,1,0,1
310,5,5,0.09,1,89,1
109,30,36,0.39,5,286,1
167,30,16,0.17,5,252,1
147,15,5,0.12,1,189,1
195,4,68,0.77,1,271,1
199,28,89,0.99,1,0,1
65,30,10,1.02,1,0,0
55,1,38,0.85,1,0,0
50,2,15,0.17,1,337,0
60,2,20,0.42,1,347,0
99,3,25,0.96,2,127,0
130,2,35,0.42,1,41,1
290,30,1,0.01,1,0,1
350,3,64,0.7,1,18,1
50,3,26,0.33,1,158,0
96,2,244,2.74,1,270,0
45,15,21,0.29,3,88,0
85,2,270,2.95,2,306,0
34,10,16,0.19,3,216,0
250,3,24,0.26,1,16,1
190,1,30,0.33,2,365,0
75,2,5,0.06,2,365,0
93,4,115,1.25,1,312,1
60,5,9,0.19,2,33,0
65,5,45,0.52,2,0,0
125,365,19,0.21,1,365,1
300,3,5,0.08,1,27,1
150,2,203,2.22,1,300,1
56,122,20,0.41,1,216,1
299,3,49,0.53,1,365,1
60,4,6,0.07,1,303,0
88,5,7,0.08,1,0,1
60,2,35,0.38,2,161,0
1300,5,28,0.31,4,297,1
99,2,54,0.88,1,50,0
110,3,115,1.75,2,28,1
135,5,6,0.13,1,317,1
110,15,1,0.02,1,275,1
165,3,204,2.31,1,80,1
127,180,1,0.03,1,365,1
402,3,89,0.97,1,340,1
85,6,130,1.42,2,97,0
75,7,15,0.25,3,365,0
139,30,52,0.6,1,314,1
70,6,58,0.63,1,0,1
50,3,208,2.32,1,339,0
30,5,3,0.03,1,0,0
250,30,7,0.08,1,35,1
64,1,1,0.04,1,0,0
300,3,2,0.06,1,365,1
800,4,122,1.37,1,257,1
100,3,63,0.72,2,5,1
250,5,26,0.28,1,0,1
200,27,1,0.01,1,0,1
140,5,14,0.16,1,0,1
130,1,107,2.38,1,304,0
90,30,3,0.05,1,286,1
90,3,107,1.17,1,0,1
97,3,29,1.57,1,118,0
91,6,69,0.76,1,265,1
125,3,232,2.52,1,303,0
180,7,24,0.26,2,125,1
100,19,5,0.06,2,6,1
175,3,10,0.23,1,0,1
65,4,36,0.47,2,80,0
240,5,94,1.1,1,134,1
300,6,1,0.01,1,0,0
385,1,63,0.71,1,364,1
47,15,5,0.06,1,0,0
110,3,238,2.6,1,297,1
75,2,101,1.1,1,0,0
100,3,21,0.23,3,43,1
165,2,72,0.82,1,10,1
300,2,40,0.68,1,0,1
140,3,103,1.13,1,189,1
120,6,66,0.72,2,17,1
175,3,35,0.4,1,289,1
275,31,121,1.33,1,305,1
179,8,15,0.19,1,0,1
189,2,13,0.18,1,0,1
219,2,129,1.42,1,220,1
450,20,157,1.71,1,0,1
249,5,8,0.11,1,0,1
65,2,5,0.06,1,362,0
250,4,46,0.52,1,121,1
139,30,37,0.41,1,153,1
209,7,14,0.16,1,205,1
120,5,37,0.45,1,310,1
70,5,1,0.03,1,0,1
90,3,209,2.38,1,236,0
199,3,4,0.07,1,200,1
50,60,17,0.19,2,74,0
157,4,54,0.66,2,12,1
199,3,43,0.49,28,84,1
192,3,7,0.08,1,0,1
199,3,75,0.93,28,84,1
150,1,88,0.99,1,0,1
199,3,73,0.84,28,56,1
199,3,89,1.06,28,62,1
199,3,23,0.26,28,81,1
105,3,11,0.16,1,0,1
135,28,84,1.12,6,310,0
199,3,54,0.61,28,60,1
125,3,17,0.19,1,0,0
60,7,1,0.02,2,0,0
85,1,73,0.89,1,0,1
300,3,36,0.47,1,29,1
75,2,98,1.07,2,264,0
55,1,63,0.89,2,341,0
44,5,2,0.09,1,0,0
55,5,18,0.2,3,0,0
30,3,24,0.28,3,0,0
35,3,1,0.07,1,0,0
70,1,2,0.05,1,363,0
130,14,23,0.25,1,25,1
52,2,93,1.12,4,0,0
250,5,152,1.69,1,109,1
100,1,119,1.39,2,289,1
130,4,9,0.1,1,188,1
140,2,44,0.49,1,260,0
75,2,158,1.77,1,168,0
150,7,12,0.14,1,0,1
90,3,51,0.57,1,311,1
150,2,11,0.13,1,2,1
180,3,236,2.74,2,242,1
135,3,16,0.18,1,0,0
65,5,123,1.42,1,46,0
99,3,14,0.22,1,365,0
149,14,65,0.73,1,364,0
59,1,50,0.56,1,352,0
75,3,33,0.39,3,301,0
75,3,30,0.35,3,322,0
75,3,13,0.15,1,298,0
109,30,18,0.2,5,285,1
225,4,1,0.01,1,342,1
86,3,216,2.44,1,250,0
52,2,98,1.09,1,326,0
100,2,61,0.86,1,90,0
99,30,13,0.34,9,289,1
89,3,136,1.52,1,193,0
135,2,39,0.47,2,293,1
199,14,65,0.73,1,155,1
89,3,62,0.71,1,189,1
110,3,47,0.57,1,248,0
120,2,42,0.48,1,238,1
59,3,207,2.29,2,284,0
49,4,72,0.81,2,343,0
79,14,22,0.25,1,268,0
135,30,25,0.28,1,249,1
185,2,215,2.42,1,291,1
225,4,26,0.73,1,0,1
245,5,18,0.21,1,0,1
115,3,18,0.21,1,31,1
325,2,320,3.6,1,0,1
95,2,160,1.8,2,79,0
120,2,78,1.22,1,0,0
499,30,64,0.72,1,157,1
75,2,219,2.44,2,277,0
109,1,66,0.94,1,353,0
160,3,25,0.29,1,0,1
219,4,102,1.15,2,280,1
159,2,32,0.47,1,7,1
180,3,15,0.18,6,266,0
150,5,1,0.02,1,0,1
106,3,12,0.14,1,271,1
299,10,19,0.27,1,101,1
179,3,297,3.37,1,205,1
165,3,12,0.13,1,343,1
500,4,9,0.11,1,0,1
250,15,9,0.1,1,190,1
87,7,46,0.62,2,310,0
79,4,42,0.47,2,52,0
75,2,118,2.11,3,312,0
200,30,53,0.6,1,0,1
80,1,15,0.21,1,329,0
115,3,64,0.72,4,333,1
115,3,51,0.58,4,327,1
120,3,79,0.88,4,349,1
125,3,202,2.29,1,217,0
387,1,23,0.63,1,0,1
95,6,62,0.76,2,80,0
99,2,36,0.45,1,0,1
121,1,16,0.19,2,351,1
350,4,24,0.27,1,362,1
75,2,77,0.88,2,144,0
95,5,110,1.27,2,43,0
89,1,56,0.64,1,365,0
195,1,7,0.08,1,129,0
70,18,19,0.22,1,0,1
100,3,7,0.09,1,0,0
140,1,53,0.6,1,0,1
189,3,265,2.99,2,355,1
178,30,8,0.1,1,280,1
145,14,46,0.52,1,38,1
125,5,6,0.08,1,31,1
265,4,75,0.86,1,324,1
77,5,11,0.13,3,365,0
60,3,5,1.47,9,0,0
129,3,132,1.49,1,171,1
199,6,41,0.47,1,36,1
92,7,34,0.39,1,332,0
185,3,34,0.39,1,0,1
110,7,27,0.31,1,192,1
65,4,30,0.34,1,139,0
135,3,214,2.45,2,167,0
115,30,12,0.14,1,0,2
175,2,6,0.09,4,10,0
72,3,156,1.8,1,110,0
80,2,30,0.74,1,0,0
125,5,1,0.02,1,0,1
120,5,3,0.09,1,242,0
94,2,272,3.18,3,22,0
56,3,63,0.82,1,0,0
549,30,58,0.66,1,200,1
190,2,5,0.1,1,0,1
129,3,63,0.71,2,87,0
85,5,268,3.04,2,202,1
20,3,80,0.92,1,226,0
145,3,22,0.25,1,0,1
200,7,13,0.15,1,327,1
125,4,23,0.67,2,262,1
50,30,3,0.08,1,0,1
160,3,10,0.12,3,359,0
180,3,14,0.16,3,348,0
100,1,20,0.28,1,0,0
70,5,2,0.02,1,0,0
120,2,47,1.22,1,318,1
110,2,6,0.19,1,363,0
105,7,93,1.06,1,70,0
250,3,116,1.32,1,0,1
74,240,15,0.17,1,90,0
165,2,70,0.8,4,15,1
99,3,4,0.41,1,335,0
125,30,128,1.46,4,0,1
75,1,59,0.69,2,0,0
45,1,8,0.11,2,364,2
159,2,106,1.22,1,34,1
45,15,15,0.57,4,242,0
104,2,133,1.51,1,147,0
225,4,27,0.31,1,169,1
100,5,61,0.7,1,188,0
90,2,2,0.02,2,89,0
75,1,16,0.18,2,189,0
135,5,38,0.44,1,253,1
125,1,25,0.28,1,311,0
225,3,93,1.05,1,0,1
85,3,6,0.07,1,363,0
200,7,30,0.34,1,224,1
250,3,17,0.46,1,5,1
90,10,67,0.77,1,301,0
130,30,53,0.68,1,0,1
90,30,32,0.37,1,50,1
298,30,131,1.84,2,296,1
300,4,19,0.22,1,84,1
125,3,74,0.84,3,212,0
145,3,165,1.88,2,181,0
147,2,16,0.18,1,0,1
123,3,269,3.09,3,158,0
88,3,243,2.75,1,217,1
215,2,59,0.94,1,335,1
225,3,134,1.53,1,231,1
269,28,81,0.93,1,122,1
145,3,7,0.08,1,270,1
75,3,112,1.28,8,330,0
229,2,92,1.05,1,321,1
300,29,23,0.26,2,312,1
100,3,67,0.76,3,345,0
75,2,8,0.1,1,2,1
225,2,244,2.81,2,252,1
120,6,62,0.7,2,15,0
160,5,125,1.47,3,169,1
125,30,58,0.67,2,212,1
95,5,9,0.1,1,0,1
119,3,137,1.57,1,296,0
275,2,16,0.24,1,167,1
160,1,36,0.57,1,365,1
500,1,54,0.65,4,365,1
175,14,1,0.03,1,0,1
87,6,39,0.47,2,258,1
160,1,145,1.76,2,257,1
125,3,28,0.33,1,364,0
90,2,206,2.4,1,236,1
200,7,4,0.22,1,0,1
250,15,37,0.52,2,54,1
99,30,27,0.31,1,189,0
325,30,18,0.21,1,364,1
99,1,134,1.54,1,265,0
325,2,197,2.25,1,207,1
129,7,5,0.09,1,0,1
130,28,5,0.06,1,196,1
190,4,8,0.09,1,0,1
55,2,62,0.71,2,57,0
60,2,13,0.15,1,0,0
250,1,8,0.09,1,0,1
275,3,50,0.87,2,277,1
50,180,69,0.79,1,0,0
125,4,41,0.47,1,10,1
150,20,89,1.04,1,247,1
70,4,40,0.46,1,273,1
138,3,106,1.22,1,189,1
265,4,33,0.39,1,0,1
145,5,2,0.09,1,365,0
151,88,19,0.22,1,249,1
208,6,100,1.14,1,310,1
200,3,16,0.19,1,291,1
110,2,64,0.76,1,74,0
58,1,17,0.31,2,289,0
55,2,7,0.08,1,0,0
105,115,15,0.17,1,219,1
350,5,4,0.07,1,0,1
150,3,87,1,1,73,1
55,150,10,0.14,1,97,0
77,3,289,3.3,1,85,1
125,9,10,0.11,1,0,1
395,14,39,0.45,1,50,1
189,7,7,0.1,2,303,1
49,1,23,0.27,1,333,0
90,4,22,0.27,1,239,1
100,1,1,0.02,1,6,0
299,2,5,0.06,3,0,1
75,5,30,0.37,3,180,0
69,7,55,0.64,3,318,0
90,1,155,1.78,3,328,0
94,1,95,1.09,1,18,0
80,2,118,1.35,1,353,0
100,5,82,0.96,1,63,1
39,5,105,1.21,3,34,0
250,3,73,0.84,1,284,1
55,7,28,0.32,2,333,0
200,1,3,0.06,1,0,1
142,3,120,1.4,1,222,1
70,2,339,3.88,3,333,0
260,2,7,0.09,1,0,1
225,4,13,0.15,1,195,1
59,21,6,0.07,3,0,0
65,1,3,0.03,1,0,0
99,20,11,0.18,1,249,1
239,2,67,1.33,1,78,1
50,2,123,1.47,1,21,1
65,4,109,1.25,3,0,0
139,4,23,0.27,1,0,1
174,2,269,3.15,2,167,1
315,3,7,0.08,1,0,1
75,3,36,1.76,1,47,0
210,1,178,2.06,1,0,1
55,4,132,1.51,2,195,0
229,3,12,0.15,1,319,1
150,2,23,0.27,1,0,1
129,2,47,0.55,1,177,1
100,8,8,0.11,1,0,1
200,3,17,0.2,1,67,1
89,5,4,0.06,1,0,0
250,90,19,0.22,1,311,1
65,7,2,0.02,3,0,0
68,2,35,0.54,3,0,1
235,3,108,1.25,2,144,1
100,3,182,2.15,1,220,1
311,3,31,0.41,1,28,1
39,1,454,5.27,1,353,2
100,2,199,2.3,1,19,0
210,1,230,2.65,1,319,1
55,4,101,1.19,4,170,0
65,2,8,0.13,1,0,0
165,30,154,1.87,1,157,1
89,28,69,0.81,1,80,0
500,10,3,0.05,1,0,1
145,14,3,0.04,1,0,1
110,4,12,0.16,1,330,0
180,5,13,0.15,1,0,1
115,2,10,0.17,1,0,1
82,15,5,0.06,1,311,1
70,1,144,1.68,2,340,0
155,5,10,0.12,1,0,1
100,2,17,0.2,1,0,1
89,30,57,0.67,6,0,1
89,30,70,0.83,6,4,1
99,30,62,0.74,6,8,1
155,6,17,0.2,1,0,1
85,1,439,5.12,2,238,0
80,4,48,0.56,1,96,0
135,3,134,1.56,1,236,1
150,6,2,0.03,1,0,1
380,3,16,0.19,1,0,1
450,2,31,1.14,1,30,1
145,30,36,0.42,1,342,1
80,3,1,0.01,1,330,0
225,2,338,3.9,2,225,1
99,3,117,1.41,1,0,0
125,1,261,3.24,1,212,1
80,30,32,0.37,7,365,1
100,2,112,1.3,2,12,0
55,2,22,0.26,4,297,0
328,2,319,3.78,1,112,1
142,7,69,0.85,1,261,1
350,4,10,0.12,1,0,1
300,2,24,0.39,1,23,1
105,30,3,0.05,1,30,1
125,31,17,0.2,2,331,0
225,7,13,0.15,2,0,1
92,2,58,0.67,1,0,1
185,2,62,0.74,1,0,1
226,3,203,2.85,1,38,1
50,2,33,0.39,1,20,0
80,3,47,0.66,2,0,0
99,14,30,0.35,1,317,1
68,3,2,0.05,1,0,1
102,2,121,1.6,1,361,0
220,3,27,0.45,1,68,1
199,3,24,0.3,1,0,1
165,5,22,0.26,1,316,1
150,2,162,1.92,1,231,1
385,1,66,0.76,2,363,1
499,2,63,0.76,1,26,1
85,1,219,2.63,2,305,0
160,4,2,0.03,2,34,1
249,3,12,0.27,1,26,1
80,2,35,0.41,1,189,0
120,1,124,1.46,1,292,0
35,7,2,0.17,1,90,0
169,4,63,1.27,1,323,1
220,4,162,1.88,1,341,1
85,3,103,1.25,2,344,0
79,30,185,2.15,1,302,0
90,4,219,2.54,1,30,0
99,1,280,3.51,1,246,0
50,1,61,0.71,2,0,2
46,1,184,2.14,5,362,0
325,3,116,1.37,1,203,1
68,2,11,0.24,1,88,0
198,3,9,0.1,1,0,1
100,5,4,0.05,1,0,1
175,2,15,0.29,1,64,1
130,4,22,0.28,1,77,1
180,3,18,0.21,1,0,1
209,3,56,0.65,1,160,1
150,4,2,0.03,1,141,1
104,3,57,0.7,1,6,1
175,4,13,0.17,1,0,1
80,1,1,0.01,1,0,0
68,2,37,0.49,1,23,0
72,5,451,5.26,2,13,0
107,30,24,0.29,8,262,1
150,7,19,0.32,1,24,1
45,3,190,2.21,2,329,0
49,2,46,0.54,4,301,0
349,1,169,2.08,1,344,1
185,2,165,1.92,1,259,1
145,3,2,0.02,1,0,1
96,3,1,0.07,1,0,1
120,5,3,0.04,1,0,1
160,1,15,0.18,1,0,1
800,3,60,0.7,1,67,1
349,2,320,3.85,1,260,1
350,2,182,2.2,1,272,1
125,30,1,0.01,1,341,1
350,2,134,1.56,1,56,1
150,10,10,0.17,2,185,1
200,1,60,0.78,1,260,1
99,30,5,0.06,1,242,1
130,5,9,0.1,1,0,1
150,3,1,0.01,1,0,1
90,10,33,0.39,1,269,1
95,1,10,0.14,1,0,0
70,30,3,0.04,1,0,1
82,3,10,0.13,2,251,0
250,30,62,0.73,3,292,1
90,4,266,3.17,1,150,1
75,2,251,2.92,2,317,0
160,14,3,0.04,1,0,1
115,7,8,0.09,1,178,0
150,4,5,0.06,1,0,0
89,4,160,1.92,1,23,0
69,5,5,0.1,1,4,1
170,2,183,2.19,2,254,0
375,5,19,0.23,1,43,1
118,3,141,1.66,1,13,1
135,6,42,0.49,1,170,1
250,3,119,1.41,1,339,1
200,7,20,0.24,1,365,1
150,5,5,0.06,1,0,1
50,2,16,0.62,1,60,0
100,2,24,0.29,1,0,1
265,3,26,0.32,1,341,1
90,30,3,0.04,1,128,0
36,10,5,0.07,2,44,0
250,4,2,0.03,2,0,1
220,3,194,2.42,1,338,1
93,14,88,1.03,1,176,0
275,5,2,0.1,1,357,1
109,30,304,3.7,1,0,0
450,2,11,0.13,1,0,1
165,30,19,0.23,1,259,1
80,7,23,0.27,1,20,1
295,5,103,1.25,3,350,0
280,7,82,0.98,1,41,1
300,30,92,1.09,1,106,1
99,30,66,0.77,6,0,1
175,3,18,0.35,2,0,1
225,4,153,2.03,1,205,1
230,6,6,0.09,1,0,1
90,7,43,0.52,1,38,0
102,3,36,0.5,1,21,1
59,10,19,0.27,1,0,0
195,2,160,2.31,1,68,1
150,3,74,0.87,2,365,1
170,1,47,0.58,2,17,1
217,2,43,0.51,1,0,1
185,1,102,1.19,2,91,1
58,6,18,0.21,1,0,0
189,4,33,0.44,2,1,1
88,30,60,0.72,6,0,1
195,3,22,1.61,2,59,1
110,5,107,1.25,1,276,1
79,4,87,1.02,1,30,0
110,10,16,0.2,1,0,1
200,3,2,0.02,1,365,0
69,4,19,0.24,3,43,0
55,1,474,5.53,3,332,0
135,4,5,0.06,1,0,1
500,2,63,0.75,1,79,1
135,3,28,0.4,1,211,1
90,2,5,0.09,1,0,1
160,4,16,0.2,1,0,1
65,20,6,0.32,1,311,0
210,3,25,0.3,1,347,1
399,3,15,0.31,1,0,1
300,1,45,0.62,1,111,1
185,1,215,2.55,3,348,1
220,3,33,0.51,2,174,1
121,2,46,0.54,1,0,1
120,10,25,0.3,1,129,1
152,2,23,0.27,1,365,0
250,2,57,0.67,1,25,1
99,6,80,1.01,1,0,0
104,11,22,0.26,1,0,1
120,5,40,0.54,1,0,1
295,3,85,1.02,1,261,1
90,4,1,0.01,1,0,1
197,14,29,0.36,1,0,1
145,5,1,0.01,1,0,1
90,30,23,0.27,1,0,1
125,2,42,0.5,1,172,0
190,1,195,2.83,1,69,1
76,2,158,1.91,3,324,2
50,2,1,0.03,1,0,0
107,1,115,1.4,1,85,0
80,4,42,0.49,1,245,1
150,5,3,0.04,1,0,1
110,90,32,0.4,1,330,1
115,370,6,0.09,1,365,1
151,2,214,2.53,3,256,1
130,2,11,0.13,1,0,1
180,2,221,2.6,1,264,1
95,1,123,1.47,3,359,0
79,1,132,1.56,2,335,0
60,30,41,0.65,8,245,0
133,4,104,1.32,1,338,1
120,30,18,0.22,5,337,1
120,2,143,4.14,1,102,0
700,28,4,0.05,1,22,0
165,3,25,0.3,1,0,1
165,4,4,0.05,1,0,1
54,45,198,2.33,1,80,1
100,5,6,0.07,1,0,1
80,7,10,0.48,1,365,0
96,19,30,0.36,1,165,0
159,2,4,0.08,1,0,1
50,2,201,2.42,1,54,0
75,2,51,0.61,1,77,0
155,30,63,0.75,1,249,1
150,2,28,0.59,1,72,0
92,1,55,0.66,1,8,1
75,5,1,0.13,1,0,0
69,40,23,0.27,1,207,0
115,4,61,0.72,1,15,1
120,60,5,0.06,1,0,1
120,2,67,0.8,1,179,0
215,30,110,1.3,1,332,1
195,2,160,1.95,1,255,1
175,3,102,1.23,2,215,1
80,2,5,0.08,4,311,0
48,5,1,0.02,1,0,0
200,7,34,0.41,1,217,1
275,30,6,0.07,1,363,1
72,1,61,0.81,2,335,0
199,60,11,0.13,1,281,1
250,30,1,0.01,2,250,1
75,5,46,0.6,1,343,0
125,1,132,1.75,1,365,0
229,1,62,0.73,1,36,0
175,10,8,0.17,1,0,1
140,3,16,0.27,1,0,1
54,2,19,0.23,1,220,0
75,2,17,0.2,1,0,1
110,7,12,0.14,1,0,1
165,1,321,3.93,1,185,1
55,4,160,1.89,2,79,0
55,4,142,1.68,2,179,0
300,1,5,0.06,1,0,1
275,6,61,0.73,1,69,1
77,3,5,0.08,1,0,0
60,30,36,0.44,1,365,0
129,1,109,1.51,1,261,1
100,3,28,0.38,1,188,0
120,4,14,0.16,1,0,1
500,2,250,2.99,1,307,1
179,4,12,0.25,1,11,1
149,2,20,0.24,1,4,1
180,14,27,0.36,1,312,1
100,2,73,0.89,3,257,0
180,3,2,0.05,1,0,1
128,5,38,0.45,1,20,1
260,14,5,0.07,1,0,1
65,3,31,0.5,1,22,0
200,2,17,0.21,1,0,1
249,3,35,0.42,1,38,1
300,30,63,0.77,3,365,1
120,7,149,1.78,1,16,1
120,20,107,1.29,1,144,0
125,5,7,0.08,1,0,1
99,3,48,0.58,2,301,1
115,3,54,0.65,1,3,1
275,31,17,0.2,1,364,1
198,2,103,1.62,1,299,1
199,3,243,2.95,1,142,1
125,3,93,1.17,1,58,0
80,2,54,0.74,2,193,1
130,30,2,0.03,52,116,1
35,28,88,1.05,4,326,0
90,30,15,0.18,1,0,1
250,3,25,0.3,2,188,1
200,4,11,0.13,1,0,1
64,30,17,0.26,2,230,0
65,3,5,0.06,2,341,0
90,2,28,0.34,1,358,0
50,30,8,0.11,1,91,1
136,2,15,0.18,2,6,1
400,3,2,0.17,1,83,1
125,4,40,0.57,1,29,1
165,7,57,0.68,1,32,1
105,14,6,0.07,1,0,1
148,4,57,0.69,1,0,1
120,3,22,0.27,1,189,1
99,8,6,0.07,1,0,1
175,1,17,0.2,1,0,1
85,2,14,0.19,1,0,0
80,1,160,1.9,1,319,0
119,2,85,1.02,1,338,1
89,1,165,1.99,2,50,0
195,2,13,0.16,1,0,2
1000,30,44,0.53,11,364,1
225,4,51,0.62,1,172,1
165,2,179,2.2,1,0,1
60,2,206,2.49,2,86,0
165,5,4,0.05,1,87,1
80,14,2,0.11,1,67,0
52,3,1,0.08,1,0,0
160,4,2,0.02,1,0,1
110,5,3,0.04,1,15,1
60,2,19,0.23,1,0,0
299,3,59,0.82,1,245,1
200,6,1,0.16,1,128,1
700,5,1,0.01,1,365,1
120,3,254,3.05,1,271,0
65,2,129,1.56,2,32,0
263,30,11,0.13,2,33,1
120,20,32,0.68,1,149,1
150,5,8,0.12,3,0,1
60,2,261,3.16,1,156,0
350,2,3,0.04,1,365,0
71,2,23,0.33,2,352,0
433,5,108,1.44,2,318,1
79,3,9,0.11,1,329,0
140,2,248,2.99,1,0,0
61,4,107,1.29,2,335,0
100,3,41,0.52,1,0,0
250,4,43,0.52,1,347,1
145,3,39,0.47,1,44,0
45,4,31,0.37,1,0,2
73,6,6,0.07,2,310,0
150,3,18,0.26,1,68,1
234,20,29,0.37,1,302,1
150,1,11,0.13,1,0,1
65,4,161,1.92,1,182,0
195,1,39,0.47,1,270,1
90,7,2,0.03,1,0,1
595,5,59,0.77,1,169,1
109,1,323,3.89,1,276,0
200,3,56,0.96,1,365,1
90,30,3,0.05,52,358,1
100,30,2,0.04,52,342,1
85,30,2,0.04,52,223,1
87,30,3,0.05,52,363,1
95,30,1,0.01,52,365,1
349,3,58,0.7,1,341,1
99,3,10,0.14,1,0,1
160,2,83,1.01,1,105,1
149,4,12,0.14,1,203,1
60,3,1,0.01,1,0,1
285,7,10,3.53,1,0,1
72,1,48,0.59,1,312,0
150,16,5,0.06,1,339,1
200,3,15,0.18,1,0,1
79,1,347,4.24,2,247,0
197,1,108,1.31,2,269,1
75,3,163,1.96,2,218,1
127,3,182,2.3,1,264,1
110,1,37,0.45,1,365,0
69,1,30,0.4,1,0,0
100,60,3,0.04,1,365,0
99,3,46,0.56,1,31,1
139,2,211,2.57,1,19,1
113,1,93,1.12,1,2,0
250,2,10,0.13,1,0,1
295,4,72,1.02,1,122,1
2000,30,59,0.71,11,364,1
220,2,18,0.24,1,0,1
75,5,6,0.07,1,0,0
100,31,15,0.18,1,223,1
199,4,78,1.26,1,65,1
200,3,17,0.21,1,5,1
140,4,15,0.18,1,365,1
50,7,1,0.02,1,0,0
45,5,69,0.89,3,223,0
109,31,114,1.38,2,110,1
108,3,161,1.98,2,24,0
42,5,70,0.88,3,236,0
141,2,46,0.57,1,346,1
355,5,19,0.24,1,301,1
80,3,162,1.97,2,249,1
250,2,70,0.85,3,0,0
75,14,11,0.15,1,332,0
88,2,2,0.05,1,348,0
65,5,39,0.55,1,318,0
58,2,56,0.67,2,365,0
75,3,1,0.01,1,0,1
100,2,35,0.42,1,144,0
167,5,32,0.39,1,341,0
65,2,1,0.05,2,0,0
125,21,12,0.15,2,267,1
95,2,211,2.54,3,126,0
54,2,48,0.59,1,232,0
89,2,219,2.63,2,319,1
92,3,218,2.63,2,12,0
199,6,40,0.5,1,0,1
179,14,37,0.46,1,284,1
65,20,28,0.34,3,188,0
55,3,66,0.8,2,13,0
129,30,43,0.67,6,256,1
134,30,9,0.11,6,313,1
35,3,13,0.16,1,2,0
250,1,60,0.93,1,148,0
249,4,19,0.23,1,362,1
62,1,296,3.92,2,234,0
119,1,96,1.16,1,0,0
179,2,77,0.97,1,0,1
220,1,115,1.4,2,96,1
198,1,294,3.59,1,233,1
155,3,66,1.75,3,309,1
199,7,4,0.09,1,0,1
95,3,39,0.47,1,15,1
550,4,173,2.12,1,258,1
60,2,295,3.56,2,210,0
380,4,62,0.75,2,170,1
84,2,138,1.69,1,225,0
165,30,27,0.34,1,128,1
105,30,96,1.17,1,295,1
134,2,119,1.46,1,0,1
68,5,8,0.1,1,281,0
73,30,100,1.25,1,3,1
150,5,1,0.02,1,27,1
100,3,89,1.12,1,0,1
75,2,176,2.22,2,23,0
120,4,31,0.38,1,0,0
85,4,239,2.89,2,1,1
55,2,79,0.96,1,3,1
95,10,13,0.33,1,51,0
72,14,11,0.16,3,297,0
250,80,5,0.06,2,78,1
69,2,13,0.37,1,0,0
78,4,190,2.3,2,188,0
220,1,404,4.9,2,341,1
230,2,27,1.4,1,101,1
150,4,79,0.97,1,246,1
80,2,14,0.17,2,364,0
150,3,32,0.42,2,365,0
150,3,76,0.98,1,266,1
900,1,7,0.09,2,365,1
130,7,11,0.14,1,0,1
70,5,18,0.22,3,365,0
120,3,60,1.59,3,281,1
75,30,59,0.72,2,354,0
100,15,22,0.47,2,5,1
69,3,2,0.03,3,284,0
399,7,104,1.28,1,42,1
299,3,6,0.09,1,348,1
100,3,326,3.96,1,90,0
68,28,55,0.67,2,89,0
175,5,56,0.79,1,263,1
330,3,51,0.62,1,19,1
425,5,7,0.09,1,0,1
240,5,86,1.15,1,344,1
75,30,36,0.44,2,362,0
210,2,75,0.92,1,309,0
175,1,363,4.55,2,323,1
85,2,146,1.78,1,46,0
120,3,51,1.52,3,253,1
120,3,55,0.67,3,289,1
75,5,1,0.01,2,0,0
495,3,29,0.38,1,22,1
65,14,30,0.76,2,38,0
39,2,169,2.07,4,306,0
93,4,1,0.02,1,0,1
146,2,8,0.11,4,88,0
120,3,12,0.18,1,15,1
79,3,19,0.3,1,365,0
100,5,9,0.11,1,0,1
120,1,5,0.06,2,0,0
150,5,17,0.26,2,36,1
144,4,70,0.86,1,198,1
350,1,1,0.02,1,0,1
85,5,1,0.16,2,189,0
195,3,17,0.43,1,26,1
200,2,59,0.73,1,0,1
169,5,62,0.75,1,249,1
95,10,6,0.07,2,63,0
375,2,33,0.84,1,346,1
168,2,158,1.93,2,253,1
50,4,8,0.12,1,220,1
129,2,129,1.67,3,36,0
245,6,1,0.02,1,164,1
199,3,50,0.67,28,47,1
199,3,116,1.56,28,36,1
99,6,89,1.09,2,89,0
160,1,17,0.21,1,0,1
65,2,164,2.07,2,0,0
70,7,67,0.87,1,0,0
80,1,135,1.67,1,365,0
100,30,3,0.12,52,365,1
70,1,139,1.7,1,364,0
200,2,23,0.32,1,0,1
66,3,51,0.64,1,329,0
200,3,203,2.53,1,260,1
95,2,164,2.07,2,93,0
140,1,6,0.07,1,0,1
65,1,327,4.01,1,287,0
106,7,10,10,1,0,1
155,181,82,1.07,1,188,1
249,2,111,4.44,1,28,1
120,7,6,0.08,1,0,1
52,5,35,0.44,3,1,0
75,26,57,0.7,3,98,0
195,2,80,0.98,1,364,2
625,4,1,0.02,4,335,1
171,30,4,0.06,8,346,1
185,30,8,0.1,8,346,1
55,7,39,0.48,1,46,0
50,2,27,0.35,1,2,0
120,30,3,0.05,52,365,1
210,14,10,10,1,0,1
133,2,1,0.09,1,50,1
73,30,21,0.26,1,251,1
350,1,237,2.96,1,0,1
259,2,20,0.25,1,17,1
97,7,2,0.06,1,87,0
199,7,66,0.83,1,142,1
125,2,7,0.09,1,358,1
100,1,273,3.35,1,45,1
39,5,60,0.95,3,34,0
125,28,19,0.25,1,267,1
150,1,2,0.03,1,0,1
170,7,83,1.04,1,203,1
199,3,219,2.68,1,212,1
125,3,270,3.34,1,300,0
155,5,18,0.24,1,90,0
120,4,132,1.62,1,267,0
220,3,151,1.86,1,115,1
90,1,3,0.06,1,0,1
61,2,167,4.16,1,320,0
179,4,213,2.62,1,277,1
108,5,2,0.08,1,0,2
575,3,12,0.15,1,0,1
99,1,353,4.33,4,73,0
175,3,3,0.05,1,0,1
110,1,3,0.05,1,0,1
250,10,4,0.05,1,0,1
100,1,113,1.43,1,0,0
200,4,11,0.14,1,259,1
89,3,17,0.31,1,0,1
400,3,46,0.57,1,175,1
149,21,52,0.64,2,0,1
500,10,10,0.22,1,33,1
95,5,64,0.88,1,316,0
125,3,104,1.36,1,275,1
80,4,75,0.93,1,15,0
105,5,227,2.79,2,234,1
39,30,13,0.16,18,360,0
49,2,189,2.32,4,238,1
187,14,1,0.01,1,0,1
55,3,10,0.15,1,0,0
250,3,61,0.76,1,0,1
125,4,3,0.04,1,0,1
100,2,27,0.33,1,159,1
175,7,1,0.02,1,0,1
50,4,32,0.4,1,347,0
133,6,22,0.33,1,5,1
155,5,63,0.78,1,235,1
140,5,15,0.19,1,260,1
80,2,72,0.89,1,364,0
103,2,58,0.94,3,69,0
600,3,9,0.12,2,353,1
70,3,169,3.07,3,188,0
75,3,2,0.03,1,0,0
55,3,66,1.16,3,264,0
50,4,24,0.3,1,25,1
390,3,1,0.03,1,89,1
82,8,108,1.33,2,238,1
52,3,19,0.44,2,88,2
115,2,91,1.18,1,258,0
299,2,67,0.95,2,322,1
175,13,64,0.8,1,116,1
100,90,4,0.05,1,250,1
55,80,3,0.04,1,119,0
45,2,77,0.95,5,167,0
165,1,41,0.52,1,19,1
105,7,2,0.5,1,0,1
200,3,4,0.05,1,0,1
65,30,1,0.04,1,249,0
100,7,1,0.03,1,0,0
312,2,302,4.18,1,246,1
195,1,1,0.02,1,0,1
100,29,3,0.11,1,301,1
155,3,13,0.16,1,0,1
165,3,276,3.44,1,146,1
120,3,22,0.31,1,365,1
38,1,187,2.34,4,241,0
90,10,1,0.11,1,0,0
85,2,138,2.06,1,196,0
55,2,31,0.53,2,282,0
350,2,13,0.17,1,0,2
59,4,12,0.16,1,12,0
280,4,97,1.25,2,48,1
69,1,153,1.89,2,132,0
230,5,72,0.91,1,325,1
200,2,72,0.95,1,52,1
150,5,52,0.65,1,311,1
75,1,28,0.36,1,365,0
120,3,2,0.02,3,0,0
140,30,18,0.29,1,182,1
200,2,8,0.53,1,337,1
225,3,3,0.07,2,189,1
145,7,4,0.05,1,36,1
60,3,86,1.13,2,1,0
119,5,7,0.09,1,0,1
189,2,68,0.92,1,63,1
190,2,185,2.3,5,0,1
69,7,48,0.61,1,235,0
70,1,148,1.9,2,303,0
155,2,8,0.1,1,0,1
149,2,67,0.88,3,329,1
160,1,148,1.83,1,295,0
100,20,1,0.02,6,214,0
220,25,1,0.01,1,350,1
85,2,211,2.63,2,339,0
135,5,18,0.24,1,0,1
45,1,168,2.3,5,359,0
225,1,50,0.72,1,265,1
100,7,11,0.18,1,0,1
145,3,121,1.51,1,45,1
210,1,108,1.35,1,305,1
195,4,10,0.13,1,95,1
95,7,46,0.57,1,0,0
140,2,34,0.43,1,159,1
95,2,25,0.48,1,0,0
295,10,11,0.14,1,0,1
250,9,2,0.2,2,126,1
60,1,25,0.67,1,311,1
150,2,4,0.06,1,0,1
159,2,260,3.58,1,141,1
78,1,52,0.66,1,0,0
210,30,48,0.6,1,36,1
60,14,12,0.22,2,0,0
220,6,23,0.29,1,0,1
199,265,20,0.32,2,90,1
225,300,13,0.23,2,0,1
350,6,13,0.16,2,0,1
65,2,93,1.16,1,0,0
225,7,3,0.06,1,250,1
82,3,62,0.8,1,247,0
75,26,58,0.73,3,129,0
105,14,7,0.16,1,84,1
115,4,12,0.18,1,0,1
150,25,1,0.05,2,207,1
65,5,5,0.14,1,0,0
150,4,13,0.3,2,15,1
101,2,32,0.4,1,0,0
130,3,26,0.32,2,19,1
175,3,1,0.03,1,0,1
115,3,186,2.32,1,237,1
128,5,154,1.93,1,301,1
116,30,5,0.09,52,311,1
192,2,41,0.6,2,0,1
150,17,3,0.07,1,0,1
163,1,3,0.04,1,0,1
40,8,32,0.4,5,284,0
200,10,6,0.09,1,174,1
158,5,39,0.55,1,0,1
115,2,25,0.36,6,89,0
85,1,190,3.7,2,178,0
173,4,16,0.2,1,0,1
250,4,6,0.08,1,250,1
465,30,47,0.67,1,277,1
275,7,2,0.03,1,0,1
195,3,61,0.77,1,134,0
63,5,5,0.06,1,0,1
36,1,33,0.77,1,211,0
130,5,2,0.04,1,0,1
200,4,13,0.22,1,0,1
85,2,36,0.45,1,278,0
45,3,89,1.12,3,213,0
45,3,125,1.57,3,208,0
79,5,5,0.21,2,198,0
149,4,1,0.01,1,0,1
200,7,3,0.04,1,0,1
85,1,1,0.01,1,365,0
60,3,12,0.31,1,351,0
139,45,16,0.21,8,0,1
160,30,19,0.26,1,59,1
95,4,150,1.88,1,192,0
80,10,15,0.3,1,0,0
250,5,2,0.03,1,0,1
349,3,3,0.07,1,0,1
165,7,8,0.1,1,234,1
119,5,42,0.53,1,0,1
240,7,7,0.1,1,0,1
79,4,1,0.02,1,359,0
215,3,1,0.01,2,300,1
49,1,61,0.95,1,100,0
190,3,76,0.95,1,48,1
99,2,52,0.65,1,30,1
68,8,37,0.5,5,280,0
185,30,36,0.58,1,358,1
225,4,92,1.47,1,67,1
81,10,64,0.93,1,311,0
199,5,23,0.38,1,0,1
55,2,2,0.03,1,0,0
340,7,38,0.54,1,302,1
135,3,205,3.19,2,184,1
85,2,108,1.35,1,0,1
65,7,4,0.09,1,0,1
100,30,13,0.18,1,219,1
109,1,73,0.92,3,284,0
290,2,70,0.92,1,339,1
148,5,29,0.37,1,188,1
57,2,17,0.21,4,308,0
150,6,23,0.31,1,0,1
60,2,67,0.88,4,117,0
60,2,48,0.61,4,114,0
45,2,107,1.5,1,313,2
60,2,33,0.46,4,211,0
125,3,124,1.56,1,158,1
60,2,36,0.54,4,133,0
75,2,38,0.51,1,365,0
121,2,6,0.09,1,156,1
89,2,89,1.12,3,318,0
300,30,1,0.02,1,0,1
110,1,4,0.18,1,0,0
99,7,10,0.13,1,81,1
170,7,41,0.55,1,0,1
90,2,24,0.3,1,30,0
179,2,251,3.15,1,157,0
80,4,41,0.52,2,119,0
65,5,29,0.4,2,186,0
69,1,322,4.46,1,84,0
42,1,18,0.35,1,60,0
70,1,8,0.1,1,0,0
155,5,22,0.28,1,189,1
135,1,225,2.83,1,19,1
120,21,79,1.04,2,34,0
135,8,7,0.14,1,0,1
47,1,20,0.26,1,323,0
69,4,18,0.23,1,280,0
100,2,37,0.52,1,2,0
51,3,36,3.04,2,32,0
65,180,2,0.07,1,263,0
60,3,126,3.59,2,120,0
70,1,84,1.06,1,188,0
130,3,26,0.41,2,23,1
70,1,37,0.48,3,325,0
200,2,267,3.37,1,266,1
150,3,11,0.14,1,0,1
130,5,47,0.59,1,9,1
68,7,1,0.01,1,87,0
79,1,137,1.98,2,298,0
149,10,9,0.19,1,0,1
250,4,1,0.03,1,0,1
175,7,23,0.29,1,0,1
40,15,4,0.05,3,353,0
55,11,11,0.23,3,11,0
99,2,540,6.95,1,179,0
240,7,26,0.37,1,330,1
400,2,47,0.61,1,361,1
235,3,5,0.08,1,177,1
96,5,224,2.82,1,77,1
63,2,26,0.33,3,249,0
150,10,8,0.17,2,176,1
200,2,11,0.23,1,0,1
90,7,6,0.08,1,0,1
269,5,15,0.22,1,0,1
80,2,24,0.33,1,0,0
400,7,7,0.1,1,365,1
349,3,17,0.21,1,356,1
495,2,66,0.93,1,334,1
85,14,13,0.17,1,22,1
85,15,22,0.28,1,0,1
999,10,30,0.4,1,365,0
109,3,26,0.36,2,18,0
175,3,50,0.63,1,1,1
150,4,14,0.31,1,18,1
80,4,80,1.08,1,245,0
150,7,1,0.01,1,0,1
175,1,33,0.44,1,0,1
107,30,15,0.19,8,268,1
80,60,22,0.28,1,226,1
80,3,8,0.17,4,342,0
75,1,4,0.06,2,0,0
800,1,34,0.45,1,365,1
130,1,219,2.91,1,237,1
260,6,23,0.3,1,0,1
36,1,8,0.1,1,83,0
140,2,11,0.18,1,35,1
145,2,220,2.97,1,268,1
120,3,8,0.13,1,0,1
75,18,5,0.06,6,112,0
60,2,2,0.04,1,0,0
69,30,51,0.67,1,7,0
95,1,7,0.12,1,0,0
300,30,93,1.24,1,284,1
131,2,220,2.85,1,1,0
120,5,6,0.1,1,0,1
100,5,15,0.25,1,94,1
100,4,20,0.26,1,0,1
160,1,187,2.36,1,221,1
60,2,17,0.22,4,314,0
75,3,46,0.82,3,311,0
45,2,39,0.52,4,292,0
65,2,15,0.2,1,361,0
120,5,145,1.82,1,0,1
80,4,16,0.2,1,0,1
100,7,52,0.67,1,56,1
250,2,82,1.08,1,0,1
235,2,97,1.47,1,40,1
85,2,35,0.55,2,365,0
195,31,8,0.1,1,273,1
145,3,166,2.15,2,151,1
289,3,38,0.51,4,354,1
120,30,17,0.27,1,231,1
149,5,26,0.41,2,14,1
100,1,31,0.4,1,364,2
166,1,15,0.19,1,188,1
99,3,106,1.43,1,331,1
150,2,37,0.58,2,230,1
44,2,155,2.11,1,325,2
195,2,12,0.18,1,90,1
100,4,8,0.11,2,7,0
60,5,3,0.06,1,189,1
62,2,45,0.64,2,310,0
99,5,8,0.14,1,0,0
90,15,25,0.46,1,35,0
88,1,100,1.41,3,98,0
125,1,64,1.37,1,135,1
74,1,8,0.1,1,283,0
176,7,33,0.42,1,0,1
62,2,11,0.14,2,158,0
51,1,4,0.1,5,0,0
249,3,31,0.4,1,365,1
200,2,82,2.02,3,157,1
30,2,291,3.69,1,208,0
240,2,22,0.29,1,280,1
100,1,58,0.83,2,316,0
125,2,71,0.9,1,199,1
149,29,86,1.1,2,125,1
170,1,315,4.03,1,275,1
150,2,3,0.15,1,365,0
125,4,77,0.99,1,326,0
68,5,43,0.56,2,282,0
90,7,35,0.48,1,312,0
65,3,68,0.88,2,361,0
50,31,10,0.25,3,193,0
65,3,132,1.68,3,35,0
200,30,1,0.02,1,283,1
65,3,116,1.47,3,73,0
58,10,7,0.1,1,0,0
65,2,2,0.05,1,0,0
185,4,8,0.22,1,8,1
115,4,6,0.08,1,0,1
115,2,20,0.25,1,282,1
140,4,125,1.6,1,239,1
62,2,22,0.37,1,87,0
95,3,154,2,1,310,1
100,3,7,0.11,1,0,1
113,3,71,0.95,1,343,1
108,30,5,0.07,1,230,1
62,3,112,1.43,3,59,0
95,3,36,0.95,1,89,1
200,4,4,0.42,2,0,1
165,2,21,0.3,1,347,1
60,1,109,1.52,1,2,0
80,2,37,0.56,2,89,0
100,6,78,1.07,1,0,1
110,3,213,2.79,1,281,0
50,3,15,0.2,1,365,2
79,2,102,1.41,3,361,0
140,3,93,1.24,1,65,1
339,4,28,0.37,1,167,1
55,1,116,1.51,2,298,0
81,1,313,4.09,2,263,1
191,3,156,2.08,1,21,1
139,3,106,1.42,1,248,1
500,5,1,0.02,1,281,1
120,2,27,0.35,1,280,1
60,2,53,0.86,4,0,0
295,2,8,0.11,3,365,1
100,6,10,0.13,1,0,1
49,1,594,7.57,3,339,0
150,3,9,0.12,1,0,1
120,2,163,2.12,1,161,1
2500,30,15,0.26,1,89,1
175,25,49,0.63,1,188,1
107,2,147,1.89,1,27,1
98,3,78,1.01,1,268,0
47,1,71,1.05,1,0,0
170,5,86,1.13,3,29,1
150,3,90,1.17,1,184,1
63,3,104,1.35,1,256,1
110,3,28,0.36,1,34,2
329,4,2,0.05,1,0,1
49,1,597,7.72,3,342,0
49,1,607,7.75,3,293,0
165,4,37,0.47,1,343,1
160,5,152,2.1,1,281,1
38,3,66,0.93,3,283,0
170,7,28,0.37,1,333,1
105,2,233,3.01,1,294,0
50,2,30,0.42,3,249,0
100,3,2,0.06,1,0,1
890,3,26,0.34,1,341,1
160,3,24,0.31,2,352,0
145,2,157,2.03,1,221,1
51,3,4,0.06,1,188,0
150,3,136,1.8,1,301,1
180,3,5,0.08,2,31,0
225,1,3,0.04,1,188,1
250,3,48,0.66,1,217,1
56,1,103,1.6,1,65,0
70,7,73,0.94,4,212,0
70,2,163,2.13,1,163,0
125,2,153,2.17,1,161,0
399,2,287,3.69,1,284,1
157,6,1,0.03,1,24,1
145,7,28,0.39,1,188,1
75,1,120,1.89,1,90,0
280,3,68,0.89,1,280,1
220,4,22,0.3,1,8,1
190,28,28,0.41,1,283,1
200,6,22,0.28,2,354,1
77,1,78,1.02,1,168,1
35,5,69,0.91,3,244,0
30,5,91,1.18,3,248,2
199,29,12,0.17,1,31,1
140,3,25,0.33,1,157,1
124,30,4,0.07,1,42,1
295,7,92,1.23,1,316,1
160,7,13,0.17,1,335,1
349,1,30,0.39,2,365,0
98,2,38,0.5,6,158,0
76,1,75,1,2,0,0
230,3,20,0.26,1,282,1
60,3,13,0.66,1,0,0
118,30,116,1.93,1,228,0
125,20,35,0.45,1,311,0
195,29,55,0.72,2,233,1
85,2,100,1.31,1,63,0
55,14,17,0.23,1,41,0
155,2,20,0.26,1,0,1
99,1,94,1.22,1,358,0
140,30,81,1.05,2,194,1
85,1,32,0.43,3,340,0
75,7,15,0.23,1,178,1
53,5,39,0.52,2,282,0
150,2,42,0.72,1,365,1
179,3,209,2.7,1,202,1
135,1,67,0.87,1,348,1
200,4,45,0.59,1,48,1
200,3,1,0.05,1,0,1
100,5,117,1.61,2,73,1
134,14,14,0.18,1,0,1
100,1,414,5.39,2,231,0
50,20,11,0.16,1,269,0
50,40,16,0.21,1,324,0
400,30,30,0.39,1,67,1
115,2,74,0.96,2,314,1
235,3,73,0.94,1,44,1
125,7,50,0.66,1,188,1
250,2,56,0.73,1,134,1
650,5,7,0.09,2,90,1
97,7,13,0.17,4,204,0
189,2,236,3.08,2,279,1
100,1,129,1.76,1,281,1
49,5,114,1.49,3,323,0
84,3,67,0.91,1,0,1
165,7,5,0.09,1,0,1
87,59,51,0.66,1,0,1
120,6,15,0.21,2,9,0
195,10,10,0.13,1,270,1
89,1,21,0.3,3,365,0
62,2,324,4.3,1,267,0
130,28,14,0.69,2,340,1
75,3,51,0.7,1,127,0
64,2,35,0.46,1,329,0
150,2,11,0.14,1,364,1
100,2,53,0.7,1,350,0
190,3,159,2.09,1,244,1
98,2,7,0.09,4,273,0
150,30,48,0.63,1,0,1
99,3,158,2.08,2,322,1
159,4,65,0.85,1,1,1
70,1,18,0.32,3,146,0
91,5,395,5.16,2,1,0
325,1,11,0.19,1,363,1
149,4,33,0.46,1,313,1
200,10,35,0.46,1,51,1
169,2,61,0.8,1,59,1
249,3,10,0.3,1,5,1
85,2,260,3.44,1,254,1
81,2,183,2.45,2,326,0
199,2,54,0.72,1,322,1
88,3,37,0.48,1,47,1
170,4,1,0.01,1,273,1
130,9,3,0.04,1,329,1
135,30,190,2.63,4,253,1
65,30,25,0.36,2,188,1
165,3,281,3.68,2,177,1
78,4,70,1.64,2,348,0
350,5,12,0.17,1,0,1
160,3,96,1.29,1,298,1
225,5,6,0.08,1,188,1
170,5,25,0.34,1,177,1
349,3,3,0.04,2,87,0
65,2,57,0.78,4,251,0
420,3,182,2.39,1,301,0
119,3,17,0.22,1,0,1
100,365,1,0.01,1,365,1
97,3,185,2.46,1,6,1
191,30,8,0.11,8,346,1
187,30,13,0.2,8,346,1
172,30,4,0.08,8,346,1
950,3,28,1.52,1,357,1
275,4,81,1.07,2,310,1
99,30,1,0.02,8,113,1
334,11,14,0.24,1,238,1
60,7,1,0.02,1,0,0
145,3,200,2.62,1,303,1
75,4,19,0.52,1,10,0
130,20,33,0.43,1,11,1
575,1,447,5.89,3,207,1
295,7,2,0.03,2,0,1
300,3,108,1.44,1,318,1
120,28,1,0.02,2,280,1
50,3,92,1.22,3,171,0
56,2,117,1.53,1,303,2
191,2,66,0.94,1,347,1
135,7,70,0.93,1,44,0
195,7,98,1.39,1,94,1
75,1,43,0.61,1,9,2
99,10,45,0.6,1,83,0
350,3,41,0.59,2,22,1
40,15,10,0.13,3,365,1
130,1,58,0.77,1,301,1
225,2,48,0.64,1,339,1
225,7,8,0.11,1,342,1
38,1,127,1.67,4,55,2
200,7,10,0.17,1,11,1
235,6,5,0.07,1,3,1
75,5,8,0.11,1,365,0
249,30,71,0.94,1,273,1
120,5,7,0.1,1,0,1
50,28,1,0.03,2,343,0
85,3,10,0.85,1,149,1
78,3,10,0.14,2,95,0
110,3,49,0.69,1,0,0
50,3,138,1.82,4,315,0
52,3,163,2.17,2,0,0
105,45,20,0.26,1,109,1
75,2,132,1.74,1,333,0
69,7,12,0.18,1,365,0
165,60,11,0.15,1,311,1
125,2,45,0.66,1,0,1
85,2,11,0.18,2,363,0
499,5,47,0.63,1,341,1
60,5,66,0.87,1,232,0
95,5,35,0.46,1,320,0
105,5,12,1.01,1,0,1
55,2,65,0.86,5,235,0
289,2,39,0.58,4,88,1
70,2,45,0.6,3,0,0
130,7,5,0.16,1,231,1
125,2,38,0.61,1,3,1
150,2,17,0.23,2,23,1
46,4,70,0.93,2,173,0
100,3,226,2.97,1,221,1
90,5,8,0.11,1,0,0
90,3,166,2.21,1,104,1
220,360,1,0.02,1,0,1
1000,1,25,0.36,3,37,1
130,30,52,0.72,3,171,1
499,6,127,1.68,2,303,1
45,2,18,3.05,2,197,0
70,2,210,2.79,2,288,1
59,1,281,3.7,3,322,0
160,5,70,1.16,1,0,1
195,4,128,1.76,1,278,1
96,3,58,0.77,1,364,0
75,3,179,2.39,2,136,0
195,3,173,2.34,3,273,1
200,1,16,0.68,2,364,0
139,30,26,0.38,1,205,1
190,30,31,0.43,2,84,1
95,2,27,0.57,1,320,0
350,3,7,0.1,1,364,1
80,3,7,0.1,3,217,0
120,5,83,1.11,2,242,1
42,1,46,0.79,2,357,0
116,4,112,1.49,1,127,1
60,1,356,4.72,3,19,0
1395,1,55,0.73,2,362,1
425,2,68,0.91,1,358,1
225,4,95,1.26,1,251,1
159,5,16,0.25,2,0,1
150,7,44,0.74,3,365,0
199,1,116,1.54,1,300,1
70,1,4,0.06,1,0,0
110,31,235,3.14,2,84,1
60,2,10,0.13,2,18,0
50,3,2,0.08,1,0,0
120,1,360,4.79,1,240,0
60,2,51,0.68,2,57,0
145,2,146,1.94,1,148,1
83,30,16,0.21,2,26,1
100,3,64,0.87,2,355,0
200,2,3,0.08,1,0,1
50,3,145,1.97,1,211,0
70,1,206,2.72,1,15,0
175,2,279,3.68,1,218,1
149,28,18,0.36,1,265,1
125,3,162,2.15,1,300,1
58,1,323,4.3,1,284,0
160,2,13,0.26,2,56,1
150,30,9,0.12,2,365,1
131,30,23,0.61,2,33,1
250,30,17,0.39,2,327,1
70,1,136,1.81,2,359,0
149,5,26,0.35,1,0,1
109,2,70,0.96,1,339,1
185,2,243,3.22,1,127,0
138,14,6,0.1,1,356,1
150,10,36,0.48,2,0,0
80,1,14,0.2,2,283,0
75,2,2,0.03,1,0,1
300,5,44,0.62,1,87,1
176,2,123,1.63,1,268,0
47,2,248,3.27,2,0,0
40,7,26,0.67,6,272,0
89,1,49,0.66,4,24,0
75,2,152,2.03,4,12,0
110,7,195,2.72,2,284,1
85,30,23,0.47,1,0,1
72,4,54,0.72,1,71,0
85,2,233,3.12,1,72,0
325,2,19,0.31,4,328,1
125,2,116,1.55,1,365,1
200,3,3,0.06,1,0,1
195,30,38,0.51,1,345,1
189,4,227,3.01,1,247,1
182,9,27,0.37,1,23,1
105,1,349,4.73,2,277,1
240,1,67,0.89,1,321,1
185,4,95,1.33,2,215,1
160,4,5,0.07,1,168,1
250,4,23,0.31,1,11,1
650,30,36,0.48,1,256,1
35,5,59,1.76,4,250,0
85,4,72,0.97,2,360,1
550,3,21,0.3,1,1,1
80,2,44,0.62,1,159,0
175,6,32,0.43,1,291,1
95,2,132,1.75,1,354,0
158,4,37,0.49,3,314,1
85,3,37,0.58,1,5,0
209,1,23,0.46,1,365,1
150,2,21,0.29,3,3,1
70,2,55,0.88,3,13,0
73,1,6,0.13,1,363,0
85,2,1,0.02,1,0,0
95,3,218,2.92,1,246,1
125,2,16,0.26,1,0,1
89,3,29,0.41,2,190,0
50,2,36,0.51,3,232,0
75,5,73,0.99,2,307,0
60,1,65,0.87,4,26,0
45,5,20,0.54,6,244,0
130,14,1,0.02,1,296,1
70,28,16,0.22,3,365,0
125,2,246,3.3,1,216,0
140,3,126,1.68,1,228,1
120,3,13,0.18,1,201,1
99,5,4,0.17,1,250,0
300,5,1,0.02,1,15,1
47,3,61,0.81,1,285,0
115,3,29,0.48,2,339,0
90,2,4,0.05,1,0,1
199,3,42,0.63,1,330,1
110,3,82,1.09,1,15,1
100,3,308,4.11,1,99,1
90,14,79,1.09,1,336,0
40,1,66,0.89,4,118,0
133,14,19,0.26,1,279,1
130,2,8,0.11,1,0,0
79,30,12,0.16,8,36,1
200,2,26,0.35,1,188,1
175,3,19,0.25,1,194,1
200,1,7,0.52,1,0,1
300,5,34,0.46,1,365,1
135,3,13,0.17,1,219,0
189,3,173,2.36,1,265,1
65,1,4,0.11,1,0,0
179,4,27,0.36,1,0,1
90,45,11,0.18,1,279,1
49,1,9,0.19,1,98,0
140,3,60,1.19,1,197,1
115,2,70,0.95,1,120,1
190,1,221,3,1,238,1
99,5,179,2.61,1,0,0
110,30,3,0.06,52,365,1
109,2,292,3.9,2,231,0
64,5,42,0.56,1,0,0
1000,30,24,0.33,11,364,1
750,3,9,0.18,2,364,1
175,7,2,0.03,1,8,1
47,1,6,0.08,5,353,0
60,3,140,1.87,1,189,0
48,14,46,0.62,1,287,0
100,1,54,0.75,1,0,1
105,1,127,1.72,1,88,0
138,7,1,0.01,1,0,1
129,1,96,1.31,1,324,1
170,30,4,0.07,1,1,1
139,1,284,3.8,2,160,1
94,1,30,0.4,1,218,0
115,3,1,0.03,1,0,0
499,2,126,1.75,1,256,1
79,2,198,2.66,1,250,1
200,4,26,1.34,1,0,1
152,5,13,0.17,1,241,0
50,30,10,0.13,1,205,0
212,2,51,0.91,1,147,1
108,14,4,0.06,3,38,0
89,30,13,0.18,1,282,0
89,1,273,3.66,2,47,0
65,2,12,0.16,1,332,0
239,4,3,0.04,1,184,1
99,30,13,0.25,2,280,1
80,2,56,0.76,1,249,0
55,7,116,1.57,1,308,0
160,2,31,0.42,1,0,1
100,15,5,0.08,1,197,0
225,2,136,1.83,1,10,1
275,7,6,0.08,1,191,1
200,2,80,3.93,1,109,1
190,4,25,0.34,1,0,1
117,2,43,0.59,1,88,0
80,1,66,0.89,1,365,2
99,1,93,1.28,1,311,1
70,6,19,0.26,1,188,1
44,30,2,0.03,5,325,0
125,1,85,1.15,1,301,0
130,2,32,0.44,1,184,1
130,14,8,0.11,1,332,1
125,2,228,3.07,1,53,0
199,7,30,0.52,1,184,1
155,4,125,1.68,1,297,1
248,2,9,0.12,1,363,1
85,4,42,1.44,1,9,1
85,3,118,1.61,1,0,0
80,3,38,0.53,1,192,1
79,1,38,0.6,4,106,0
55,1,224,3.87,2,356,0
65,2,64,0.87,1,307,0
150,60,7,0.1,1,188,1
285,2,124,1.7,1,131,1
119,7,11,0.63,1,143,1
137,2,59,0.81,1,80,1
190,2,191,2.6,1,282,1
80,1,1,0.03,1,0,0
120,3,155,2.39,1,18,1
95,3,105,1.42,1,333,1
90,1,33,0.48,1,189,0
75,3,11,0.16,1,318,0
103,8,5,0.21,1,2,0
125,2,28,0.45,1,179,1
150,2,213,2.87,1,288,1
148,3,14,0.24,1,365,0
120,29,10,0.17,1,3,1
99,3,68,0.97,2,270,1
69,2,103,1.39,2,124,0
200,1,7,0.1,1,358,1
55,5,4,0.07,1,218,0
175,8,3,0.04,1,68,1
240,4,77,1.81,1,21,0
95,7,2,0.03,2,365,0
150,1,109,1.49,1,358,1
150,2,1,0.04,1,0,1
179,3,146,2.08,2,282,1
105,1,374,5.06,2,69,0
84,45,45,0.61,1,244,1
90,30,33,0.46,3,298,1
53,7,7,0.33,2,0,1
41,30,4,0.09,5,217,0
135,1,17,0.25,1,365,0
84,2,172,2.32,2,345,1
290,1,21,0.29,1,128,1
35,5,110,1.49,4,0,2
110,3,23,0.67,1,14,1
350,7,4,0.06,2,0,1
60,3,13,0.22,1,294,0
275,4,27,0.37,1,197,1
142,7,6,0.11,1,188,1
38,5,1,0.02,2,0,0
200,2,52,0.71,1,193,1
225,3,56,0.79,1,55,1
135,1,190,2.57,1,105,1
72,30,3,0.05,1,179,0
59,3,13,0.26,2,100,0
350,2,23,0.37,1,188,1
75,2,8,0.11,1,312,0
70,3,12,0.65,2,0,0
99,30,4,0.09,1,0,1
42,3,28,0.74,2,355,0
60,2,11,0.15,2,296,0
125,1,153,2.21,1,1,1
99,6,148,2.09,3,252,0
99,5,12,0.25,1,0,1
165,3,130,1.84,1,0,1
250,5,11,0.15,1,34,1
135,4,12,0.17,1,365,0
58,5,66,0.91,1,242,0
95,3,191,2.61,1,207,0
125,1,92,1.27,1,247,1
147,7,42,0.61,1,365,1
300,3,66,1.62,1,286,1
350,14,4,0.06,1,5,1
102,2,24,0.34,1,0,1
95,5,206,2.89,1,252,0
65,1,85,1.16,15,345,0
595,3,106,1.51,1,247,1
165,3,21,0.29,1,363,2
181,3,153,3.17,1,174,1
110,1,4,0.05,1,0,0
65,1,119,1.61,15,313,0
155,2,114,1.82,1,314,1
50,30,1,0.03,2,253,0
85,2,1,0.02,1,0,1
120,5,6,0.26,1,66,0
75,1,2,0.03,1,0,0
55,1,127,1.77,15,318,0
200,1,3,0.05,1,0,0
75,7,10,0.15,1,0,1
150,1,1,0.02,3,129,1
60,2,147,2.02,1,213,0
150,50,4,0.07,1,312,1
240,1,77,1.08,1,116,1
150,3,18,0.25,1,0,0
269,5,18,0.29,1,179,1
112,2,9,0.37,2,0,0
250,5,49,0.67,1,0,1
350,3,27,0.37,1,22,1
80,3,67,0.92,1,85,1
295,2,114,1.59,3,79,1
160,30,1,1,2,39,0
399,2,2,0.05,1,0,1
150,12,16,0.22,1,35,1
60,1,142,1.95,15,321,0
219,6,45,0.64,1,188,1
119,4,106,1.47,2,23,0
190,4,1,0.02,1,0,1
140,5,90,1.37,1,16,0
125,2,4,0.08,1,364,0
144,4,27,0.39,1,0,1
100,1,102,1.73,1,33,1
115,2,57,2.67,2,288,0
1899,7,18,0.28,1,0,1
110,29,10,0.14,1,205,1
140,14,51,0.7,1,298,1
94,2,1,0.12,1,3,1
50,1,49,0.91,1,14,0
131,4,68,1.06,1,5,1
175,2,5,0.13,2,334,0
299,3,4,0.06,1,321,1
145,30,12,0.17,1,342,1
145,2,64,0.91,1,132,1
175,2,2,0.03,1,0,1
109,5,5,0.07,1,22,0
150,1,28,0.51,1,364,0
399,3,108,1.51,2,351,1
48,25,4,0.06,1,311,0
75,3,73,1,8,341,0
55,1,3,0.06,2,343,0
75,3,107,1.7,4,255,0
465,30,11,0.18,1,273,1
151,1,173,2.36,1,213,1
199,3,6,0.08,1,12,1
45,1,117,1.61,15,236,0
160,3,24,0.33,1,365,1
36,1,173,2.38,5,360,0
235,2,10,0.2,1,345,1
225,4,5,0.07,1,365,1
300,3,19,0.27,1,0,1
35,5,120,1.66,4,0,2
80,70,44,0.61,1,198,1
79,2,61,0.93,1,353,0
82,1,6,0.1,2,334,0
82,1,5,0.07,2,311,0
215,3,2,0.09,4,189,1
147,3,14,0.2,2,0,1
145,2,26,0.43,1,269,1
65,3,72,1.22,1,157,0
78,3,24,0.33,3,28,0
120,3,2,0.05,1,0,1
120,3,13,0.28,2,327,1
95,1,86,2.87,1,86,0
90,1,115,1.63,3,359,0
95,25,11,0.15,1,168,1
100,7,41,0.58,1,45,1
350,6,3,0.22,1,351,1
188,3,38,0.54,1,261,1
80,1,5,0.07,1,363,0
175,4,5,0.07,1,0,1
495,7,4,0.08,1,256,1
250,3,155,2.18,1,159,1
115,7,3,0.04,1,0,1
55,1,75,1.04,15,285,0
93,39,25,0.35,19,245,1
93,120,34,0.47,19,316,1
199,3,35,0.49,1,69,1
70,2,6,0.1,1,0,0
125,30,2,0.04,52,282,1
169,7,11,0.2,1,24,1
150,2,24,0.53,1,296,1
61,1,86,1.83,1,233,0
40,7,14,0.2,2,221,0
150,3,52,0.72,1,342,1
65,2,14,0.2,1,275,0
190,3,123,1.73,3,248,1
79,2,11,0.8,1,73,0
225,3,230,3.31,1,259,1
185,3,141,2,3,258,1
100,2,8,0.11,1,156,0
85,2,146,2.01,1,129,0
75,2,20,0.33,1,29,0
85,3,2,0.32,1,89,0
98,3,144,2.87,1,249,1
262,30,1,0.02,1,16,1
145,2,30,0.42,1,278,1
280,2,7,0.11,1,365,1
210,5,11,0.18,1,8,1
70,15,2,0.03,1,0,1
100,3,162,2.24,4,141,1
59,1,123,2.23,1,336,0
199,1,141,4.51,1,130,0
219,1,78,1.1,5,301,1
100,1,96,1.36,2,333,0
175,30,58,0.81,1,220,1
220,1,2,0.03,2,364,0
40,28,91,1.25,4,325,0
140,2,24,0.38,1,255,1
105,1,16,0.23,2,308,0
110,10,6,0.08,1,13,1
131,7,140,1.94,1,32,1
265,4,95,1.31,1,257,1
54,30,5,0.15,1,2,0
800,1,2,0.03,2,364,1
53,1,245,3.41,3,90,0
99,3,5,0.07,1,365,1
65,5,39,0.56,1,187,0
120,3,90,1.25,2,173,0
169,120,3,0.04,1,36,1
180,4,28,0.4,1,280,1
67,7,2,1,1,14,0
111,2,77,1.1,2,259,0
90,1,77,2,1,269,0
259,1,2,0.04,1,0,1
89,3,231,4.67,2,38,0
129,30,7,0.11,52,189,1
69,2,98,1.36,1,20,0
75,4,14,0.23,3,0,0
250,5,25,0.35,1,220,1
120,1,226,3.22,2,274,1
129,30,6,0.09,52,249,1
199,28,33,0.47,1,315,1
450,3,82,1.19,1,258,1
350,3,53,0.79,1,87,1
160,24,10,0.18,1,218,1
45,4,7,0.21,2,88,0
70,3,54,0.77,5,316,0
260,1,320,5.68,2,253,1
100,30,2,0.06,1,250,1
125,3,23,0.64,1,77,1
195,2,220,3.1,2,287,1
58,5,31,0.43,1,297,0
75,5,3,0.16,1,0,0
200,4,68,0.95,1,21,1
75,2,33,0.52,5,201,0
95,2,44,0.64,5,47,0
99,2,189,2.63,1,0,0
275,3,20,0.34,1,257,0
162,2,11,0.44,1,0,1
285,5,11,0.16,1,173,1
120,7,64,0.91,2,184,1
120,1,76,1.07,2,314,1
210,2,140,2.1,5,319,1
160,30,25,0.35,1,363,0
110,6,1,0.1,2,0,1
138,1,4,0.06,1,41,1
90,3,5,0.11,1,0,0
45,30,21,0.45,1,21,0
80,30,18,0.31,1,161,1
72,7,41,0.58,1,68,0
95,14,172,2.39,1,14,0
75,5,13,0.56,1,3,0
70,20,75,1.05,1,364,1
160,6,1,0.01,1,0,1
29,2,5,0.07,1,321,2
175,3,62,1.46,1,213,1
110,3,7,0.12,1,0,0
175,3,199,2.78,1,272,1
99,1,123,1.99,2,245,0
100,2,7,0.15,1,36,0
144,5,3,0.06,1,0,1
171,2,34,1.47,3,243,1
99,30,23,0.32,8,89,1
270,1,4,0.06,1,0,1
160,3,220,3.19,1,24,1
65,7,40,0.86,1,64,0
99,3,208,2.89,1,206,1
125,3,232,3.22,1,47,1
300,2,16,0.24,2,41,1
112,1,196,5.4,1,71,0
100,30,4,0.06,1,321,1
60,2,64,0.89,2,87,0
232,10,2,0.03,1,234,1
140,2,149,2.41,1,16,1
5000,1,2,0.03,1,365,1
168,2,1,0.03,1,0,1
100,30,49,0.69,1,342,1
95,4,21,0.29,1,98,1
175,2,1,0.05,1,0,1
220,2,13,0.23,1,3,1
178,32,132,1.84,1,211,1
85,2,67,0.97,1,8,1
35,4,76,1.07,1,5,0
129,30,6,0.08,52,277,1
55,1,167,2.78,10,363,0
69,4,34,0.72,3,68,0
68,3,11,0.33,2,187,0
69,2,90,1.25,1,186,0
300,2,23,0.32,1,365,1
175,1,152,4.54,3,248,1
59,1,190,2.64,5,359,0
59,1,19,0.26,5,359,0
169,2,33,0.47,2,340,0
120,2,1,0.02,1,0,1
155,3,227,3.16,1,244,1
165,2,80,1.28,1,188,1
60,2,125,1.77,4,167,0
190,3,10,0.26,2,0,1
150,5,3,0.13,1,0,1
150,30,18,0.29,2,135,1
120,4,26,0.53,1,10,1
349,1,26,0.36,2,365,0
59,1,14,0.19,5,359,0
99,2,62,2.22,1,21,2
59,1,32,0.45,5,359,0
110,3,23,0.32,1,159,0
73,12,11,0.16,1,21,0
179,3,201,2.84,1,256,1
102,5,8,0.24,1,0,0
62,3,95,1.32,8,338,0
140,2,13,0.18,1,0,1
300,15,6,0.58,2,98,1
299,2,26,0.37,1,88,1
104,12,11,0.15,1,15,1
98,120,38,0.54,19,290,1
49,1,90,1.29,1,0,0
96,115,45,0.63,19,210,1
80,3,130,1.85,1,0,0
89,3,147,2.05,1,362,0
125,1,1,0.01,1,364,0
345,2,78,2.49,1,185,1
150,3,17,0.43,1,0,1
100,2,15,0.21,2,326,0
120,5,9,0.16,1,0,1
149,30,9,0.13,52,343,1
145,4,18,0.25,1,0,1
390,3,1,0.1,1,0,1
60,21,19,0.28,2,178,0
190,3,17,0.28,1,167,1
80,3,51,0.79,3,276,0
55,1,162,2.26,15,334,0
275,2,195,2.74,1,331,1
250,1,87,1.23,1,272,1
100,2,271,3.85,2,270,1
600,4,7,0.1,1,0,1
66,2,4,0.08,1,365,0
65,7,58,0.83,2,333,0
220,4,60,0.85,1,332,1
159,2,114,1.62,1,46,1
70,2,31,0.44,2,20,0
49,5,84,1.17,3,296,0
47,5,21,0.36,1,56,0
299,1,200,2.8,4,100,1
79,7,19,0.43,1,0,1
115,4,12,0.17,1,0,1
229,3,38,0.54,1,364,1
115,5,3,0.04,1,0,1
1100,2,17,0.25,2,364,1
165,4,10,0.14,1,49,1
67,6,10,0.39,1,0,1
68,3,52,2.44,3,72,0
85,3,1,0.16,2,132,0
170,3,134,2,3,209,1
95,3,46,0.76,3,86,0
45,3,2,0.05,1,0,0
178,2,2,0.06,1,0,0
140,5,50,0.91,1,328,1
149,30,7,0.11,52,281,1
89,3,86,1.29,1,223,1
108,4,3,0.06,1,0,1
138,7,14,0.3,1,13,1
115,2,121,1.7,1,39,1
69,1,136,2.13,4,103,2
269,2,68,1.14,1,311,1
160,30,13,0.18,2,252,1
150,1,2,0.03,1,207,1
121,7,76,1.11,1,151,1
95,7,22,0.49,1,20,1
99,3,66,1.05,5,365,1
40,1,73,1.1,1,65,0
89,28,23,0.38,3,125,0
50,2,11,0.16,2,157,0
55,1,126,1.77,15,343,0
224,2,229,3.28,1,257,1
120,2,2,0.19,1,0,1
59,1,116,1.63,2,0,0
135,31,177,2.49,4,340,1
175,3,105,1.49,1,274,1
250,3,184,2.65,1,84,1
156,2,31,0.44,1,3,1
75,2,36,0.66,1,0,1
79,5,9,0.13,1,0,1
104,30,27,0.38,8,137,1
280,1,124,1.77,1,359,1
80,4,131,1.88,1,34,0
136,30,50,0.72,1,0,1
550,4,17,0.27,1,201,1
190,2,95,1.65,2,349,1
199,2,29,0.47,1,361,1
75,2,25,0.4,1,365,0
100,1,212,3.05,1,278,0
125,1,15,0.21,1,362,1
75,2,12,0.24,1,0,0
99,2,30,2.61,1,24,0
35,30,5,0.07,1,97,0
51,1,165,2.36,1,361,0
188,2,260,3.97,1,312,1
90,7,2,0.04,1,0,1
279,3,9,0.19,1,0,1
350,4,9,0.14,1,13,1
125,2,59,0.84,1,360,0
85,4,38,0.56,3,81,0
48,20,33,0.46,2,297,0
56,28,14,0.2,2,310,0
84,2,68,0.96,3,362,0
155,1,123,1.74,2,170,1
300,5,31,0.45,1,278,1
140,1,1,0.02,1,0,1
120,7,19,0.27,2,245,0
99,2,198,2.78,2,89,1
240,7,19,0.27,1,158,1
72,7,27,0.46,1,73,1
45,4,68,0.96,1,0,0
250,30,1,0.02,3,0,1
100,2,48,0.9,1,78,0
175,5,116,1.65,1,299,1
200,5,10,0.14,1,0,1
59,1,8,0.12,5,359,0
420,2,285,4.02,1,294,1
120,3,142,2.01,1,37,0
295,30,3,0.04,1,235,1
200,120,12,0.17,1,306,1
48,7,61,0.87,1,0,0
99,2,55,0.78,1,182,1
129,30,8,0.12,52,344,1
160,2,44,0.64,2,0,1
142,4,41,0.58,1,151,1
120,3,12,0.17,2,365,0
130,7,26,0.41,1,182,1
85,3,38,0.56,1,157,2
600,1,48,0.68,1,89,1
69,5,152,2.14,2,110,0
150,3,1,0.03,1,0,1
87,1,4,2.26,1,12,0
249,3,1,0.02,2,87,0
65,4,142,2.03,1,115,0
175,3,158,2.27,1,317,1
79,5,112,1.59,3,1,0
194,2,141,2,2,340,0
150,3,19,0.27,1,9,1
241,2,1,0.15,1,0,1
80,1,73,1.08,1,309,0
120,4,72,1.02,1,284,1
155,4,13,0.22,1,0,1
150,7,40,0.57,1,0,1
140,6,36,0.69,1,71,1
90,1,5,0.08,1,361,1
150,3,94,1.33,3,250,1
135,2,127,1.8,1,354,1
140,2,45,1.64,1,31,1
130,3,220,3.11,2,0,1
150,2,121,1.72,1,225,0
115,3,185,2.62,1,163,1
130,3,229,3.32,2,259,1
380,6,29,0.43,1,365,1
115,20,1,0.02,1,0,1
125,2,21,0.3,1,363,1
65,5,1,0.02,1,169,0
110,9,11,0.16,1,362,1
31,6,41,0.58,3,55,0
135,3,173,2.47,2,277,1
200,3,20,0.29,1,0,1
212,3,1,0.33,3,109,0
40,1,34,0.48,3,75,2
80,30,12,0.18,7,365,1
95,2,147,2.09,3,275,1
185,30,7,0.13,39,347,1
100,1,59,0.84,4,165,1
149,30,9,0.14,52,341,1
139,1,203,2.87,2,32,0
226,3,25,0.36,1,80,1
74,2,189,3.02,2,131,1
195,5,52,0.74,1,0,1
104,59,48,0.69,1,122,1
275,2,6,0.51,1,5,1
310,4,12,0.18,1,358,0
145,29,3,0.04,1,35,1
75,3,19,0.28,1,258,1
99,2,201,2.85,2,106,1
250,6,79,1.12,1,137,1
104,30,24,0.34,8,57,1
250,5,5,0.07,1,358,1
150,30,18,0.27,39,340,1
195,30,17,0.35,39,333,1
350,30,14,0.22,39,327,1
75,1,23,0.33,1,0,0
80,31,28,0.4,1,167,0
96,2,14,4.62,1,50,1
90,3,139,2.38,1,293,0
79,1,274,4.02,3,308,0
224,31,14,0.2,1,219,1
35,2,201,3.28,2,88,0
70,7,34,0.48,1,140,0
85,1,40,0.83,10,293,0
110,30,128,1.82,2,314,1
65,3,2,0.06,2,365,0
200,4,24,0.38,2,157,1
249,31,6,0.09,1,365,1
62,3,52,0.74,8,361,0
50,1,19,0.83,1,311,0
62,3,48,0.68,8,340,0
50,2,13,0.22,3,282,0
71,2,64,1.02,2,18,0
75,1,37,0.53,1,139,0
115,3,146,2.08,1,277,0
82,2,144,3.37,1,0,0
75,3,34,0.49,8,341,0
60,3,101,1.44,1,340,0
200,7,11,1.17,1,11,1
215,3,59,0.84,1,356,1
100,2,244,3.49,1,52,0
38,30,7,0.19,1,137,0
159,3,11,0.2,4,77,1
64,2,108,1.61,2,296,0
125,15,53,0.75,1,5,1
120,4,182,2.6,1,72,1
76,3,164,2.34,1,27,0
175,2,4,0.1,1,0,0
110,5,7,0.1,1,300,0
75,1,69,4.43,2,49,0
80,2,28,0.4,2,327,0
110,4,2,0.06,1,0,0
89,1,214,3.07,2,354,0
110,3,23,0.33,1,67,1
96,1,274,3.94,1,145,0
75,5,31,0.49,2,0,1
185,3,65,1.04,1,106,1
49,2,23,3.5,1,262,1
440,3,6,0.09,1,70,1
220,7,18,0.27,2,156,1
99,4,11,0.18,2,365,0
85,1,135,1.93,1,15,0
98,7,7,0.1,1,0,1
84,1,60,1.05,10,302,0
65,1,38,0.6,10,239,0
160,2,19,0.32,1,0,1
115,3,200,3.16,1,256,0
59,14,30,0.43,2,36,0
119,2,27,0.58,1,325,0
120,2,92,1.37,1,311,1
439,5,79,1.15,2,154,1
99,1,20,0.42,2,278,0
199,2,25,0.44,1,5,1
99,1,340,4.9,2,263,0
195,3,231,3.51,1,304,0
180,30,183,2.63,1,0,1
100,20,52,0.75,1,182,0
115,2,210,3.58,2,106,1
115,30,2,0.03,1,0,1
180,3,18,0.26,1,72,1
45,3,53,0.82,1,249,0
300,2,65,0.96,1,350,1
90,80,20,0.29,1,203,1
140,2,40,0.6,1,20,1
123,5,14,0.2,1,0,1
200,2,119,1.89,1,216,1
100,3,4,0.07,2,364,0
250,3,144,2.06,1,128,1
85,1,221,4.1,3,206,0
100,3,3,0.05,1,0,1
109,2,26,0.49,1,139,1
159,30,6,0.1,52,310,1
260,5,13,0.21,1,167,1
555,3,111,1.63,1,191,1