,x20,x21,x22,x23,x24,x25,x26,x27,x28,x29,x30,class
1,0.89,1.01,1.04,0.65,17.76,2.42,2.7,3.55,0.42,7.99,0.78,0
2,1.02,1.09,0.98,0.62,5.19,1.14,1.99,5.32,1.45,41.55,4.15,1
3,1.76,1.54,1.76,1.29,12,4.29,3.5,7,2,32,4,0
4,1,0.92,0.81,0.92,6.22,1.24,2.24,8.52,4.65,103.87,3.64,1
5,1.2,1.02,0.93,0.58,4.15,0.6,1.68,5.19,1.56,31.16,4.15,0
6,1.14,1.14,0.68,0.68,5.19,1.55,1.04,5.4,1.56,31.16,4.41,0
7,3.26,3.81,1.56,1.08,11.17,2.51,2.79,11.17,2.33,99.77,2.61,1
8,1,1.45,0.9,0.5,8.31,0.99,1.73,5.19,2.29,41.55,2.29,0
9,2.47,0.66,1.68,2.5,9,1.71,1.5,6,2.38,39.99,3.5,0
10,2.07,1.36,1.06,0.74,6.23,0.62,2.25,7.79,2.6,66.48,4.15,1
11,1.21,1.27,0.82,0.83,11.16,1.27,2.48,3.4,0.62,31.13,2.21,1
12,0.34,0.38,0.39,0.43,4.08,0.61,0.92,1.43,0.59,25.52,0.82,0
13,0.66,0.53,0.93,0.88,6.36,1.02,1.37,0.88,0.22,0,0.35,0
14,0.34,0.57,0.41,0.44,3.35,0.66,0.93,2.04,0.27,3.79,1.01,0
15,0.72,1.03,1.07,0.61,3.38,0.55,1.14,6.75,2.91,78.94,3.12,0
16,0.37,0.47,0.24,0.32,4.28,1.5,2.57,2.2,0.12,0,1.22,0
17,0.79,0.75,0.51,0.44,4.94,0.79,1.12,2.61,0.87,28.88,1.02,0
18,0.42,0.34,0.29,0.23,4.02,0.94,0.91,2.78,0.25,9.27,0.17,1
19,1.58,1.66,0.74,1,8.94,1.09,1.75,2.87,0.26,3.83,3.51,0
20,0.97,1.43,1.76,1.2,12.46,2.7,3.16,9.4,2.8,58.17,6.13,1
21,1.46,1.45,1.73,0.95,11.65,2.94,2.81,11.07,1.6,43.7,3.73,1
22,1.21,1.22,1.04,0.94,4.68,1.41,1.66,2.93,2.05,67.04,1.76,1
23,0.53,0.35,0.48,0.21,8.05,1.23,1.29,1.56,0.48,13.41,0.8,0
24,0.53,0.35,0.68,0.31,8.05,1.41,2.09,1.61,0.4,26.82,0.8,1
25,0.72,0.63,0.74,0.44,4.44,0.71,0.99,3.67,0.8,22.22,1.56,0
26,2.39,1.72,2.12,1.59,10.06,4.36,4.34,18.78,2.15,61.33,2.92,1
27,1.09,1.2,1.08,1.41,8.41,2.4,2.8,14.41,3.24,66.06,3.84,1
28,1.4,1.71,1.14,0.5,5.45,1.66,2.35,10.39,1.56,55,2.6,0
29,0.59,0.59,1,1.04,4.68,1.05,1.08,2.84,1.61,29.28,1.38,0
30,0.29,0.45,0.63,0.48,3.52,0.61,1.17,2.16,0.27,5.41,0.95,1
31,3.11,2.16,1.25,2,7.99,2.86,2.75,6,2,30,3.5,0
32,1.68,1.26,1.07,0.74,3.12,1.03,3.12,5.19,2.08,38.95,5.19,0
33,1.48,2.06,1.57,1.69,12,2.75,2.33,8,2.5,35,3.5,0
34,0.72,0.63,0.67,0.39,4.44,0.71,0.99,3.55,0.67,19.55,1.56,0
35,0.38,0.44,1.01,0.41,3.52,0.69,1.04,1.76,0.38,7.3,1.28,0
36,1.74,1.65,1.14,0.67,9.35,0.59,1.66,7.48,3.01,83.1,5.19,1
37,0.41,0.41,0.22,0.27,20.36,0.81,1.22,2.04,0.12,6.92,0.35,0
38,0.47,0.41,0.5,0.41,4.06,0.63,0.98,1.76,0.22,4.06,0.84,0
39,0.81,0.94,0.55,0.86,8,1.49,2,5.5,0.4,27.5,1.5,0
40,1.19,0.93,0.78,0.67,6.22,1.24,1.76,8.31,3.38,129.84,3.69,1
41,0.35,0.45,1.02,0.37,8.88,1.71,3.31,3.67,0.31,12.24,1.1,0
42,1.32,1.21,1.34,1.32,14.27,2.77,3.49,11.65,1.75,62.05,7.72,1
43,1.27,1.48,0.85,0.55,5.19,0.99,1.25,5.19,1.25,41.55,5.19,1
44,0.99,1.12,0.95,0.95,4.38,1.09,1.58,4.54,0.58,27.37,0.52,1
45,2.53,2.58,1.71,1.69,9.5,2.86,2.5,9.59,2,50,4.5,0
46,2.55,1.8,1.14,1.34,8.41,1.86,2.2,14.41,3.6,80.82,3.84,1
47,2.24,2.42,2.26,1.82,15,3.18,3.04,10,2.38,57.5,3.5,1
48,0.78,0.49,0.67,0.41,7.77,1.82,2,2.66,0.9,7.99,0.67,0
49,0.8,0.99,0.71,0.37,4.15,0.99,1.35,5.71,1.25,20.77,6.23,1
50,0.79,1.34,1.06,0.6,4.67,0.67,1.31,7.79,2.96,67.52,4.05,0
51,1,1.4,1.66,1.7,10.39,2.27,3.12,9.5,2.91,62.01,5.14,0
52,2.41,2.21,2.14,1.25,12.28,2.19,1.86,13.25,2.42,65.52,3.35,1
53,2.18,2.15,2.18,1.41,11.62,2.24,2.1,8.88,3.17,73.97,6.34,1
54,3.99,2.6,1.5,2,10,2.14,3,9,1.88,70,3.5,0
55,2.07,2.24,1.69,1.62,16,2.7,3.08,6.5,1,42.5,5,1
56,1.34,1.2,0.8,1.1,7.81,2.59,2.9,15.62,3.6,67.89,2.64,0
57,1.57,2.34,1.25,1.38,12.75,1.79,2.27,6,1.38,125,2.75,0
58,2.23,2.74,1.6,1.52,9.99,2,1.75,10,2.75,50,5.62,0
59,0.35,0.41,0.56,0.34,4.9,1.84,1.96,3.06,0.43,12.24,1.22,0
60,0.43,0.42,0.3,0.53,3.26,1.67,2.33,3.26,0.47,23.26,0.65,0
61,0.93,0.96,1.24,0.35,6.23,0.68,0.99,7.01,2.18,62.84,4.88,0
62,1.51,1.16,1.05,0.33,6.23,1.17,1.69,6.18,1.35,40.51,6.23,1
63,2.08,1.56,0.73,0.26,10.39,0.79,2.08,5.35,1.82,74.79,2.6,0
64,0.58,0.66,0.68,0.57,5.81,0.71,1.15,4.65,0.53,25.35,0.53,1
65,0.72,0.92,0.91,0.23,5.18,0.87,1.65,7.06,2.65,84.65,3.43,0
66,0.88,1.04,1.04,1.04,4.15,1.04,2.08,4.15,1.25,31.16,2.6,0
67,1.82,1.22,1.17,1.09,6.75,0.96,2.36,5.19,1.38,31.16,3.12,1
68,0.58,0.57,1.15,0.75,8.31,0.74,1.47,2.78,0.52,7.37,2.28,0
69,0.7,0.77,0.74,0.54,5.84,0.75,1.02,3.08,0.8,23.89,0.68,1
70,0.34,0.68,0.5,0.44,4.87,0.63,0.97,1.76,0.22,1.62,1.22,0
71,1.82,1.01,1.11,0.51,5.18,0.61,1.48,7.37,2.49,64.4,3.01,0
72,1.44,0.92,0.92,1.4,10.39,2.59,3.52,15.58,2.49,84.13,4.67,1
73,0.92,0.82,0.37,0.51,12.23,0.71,1.43,0.92,0.37,8.15,0.92,0
74,1.39,1.35,0.96,1.15,10.38,1.46,1.96,2.85,0.52,25.94,2.59,1
75,1.31,1.23,1.54,1.01,10.2,2.32,2.48,10.92,1.17,35.82,5.83,1
76,1.08,1,0.77,1.09,7.51,1.97,1.98,10.51,4.14,76.76,2.64,0
77,1.38,1.2,0.8,1.1,7.21,2.19,3.54,15.62,3.84,75.67,3.6,1
78,1,0.92,0.78,0.62,6.22,1.24,1.76,8.31,3.12,71.67,4.15,1
79,0.85,1.05,0.97,0.61,6.22,1.31,1.81,5.3,1.82,41.55,3.38,1
80,4.18,3.36,1.95,2.88,13.5,3.65,4.62,6,1.5,42,4.5,1
81,0.24,0.55,0.18,0.32,6.12,1.1,2.75,4.28,0.12,6.73,1.22,0
82,2.59,0.88,1.34,2.33,9,2.39,3.09,9.68,2,39,1.5,0
83,1.59,2.12,1.63,0.58,5.71,1.34,2.41,6.02,1.4,37.13,3.64,1
84,1.45,1.62,1.64,0.54,8.31,1.35,1.49,5.71,2.7,51.93,5.66,1
85,1.15,0.99,0.6,0.99,4.38,0.99,1.64,4.38,0.61,36.13,0.38,0
86,0.81,0.81,0.53,0.61,5.09,0.93,1.29,1.21,0.53,10.7,0.4,0
87,1.92,1.56,1.09,1.02,8,3.21,2.2,8,5,30,3,1
88,0.37,0.47,0.43,0.39,1.84,2.24,3.98,3.37,0.18,4.28,0.61,0
89,1.03,0.92,0.83,0.66,6.22,1.19,1.17,8.52,2.86,93.48,3.4,1
90,1.13,1.37,0.86,1.15,8.41,2.09,2.23,15.47,3.24,84.08,3.12,1
91,0.88,0.91,0.89,1.2,5.47,0.73,1.06,3.17,0.66,28.92,0.33,0
92,0.58,0.69,0.89,0.4,4.89,0.78,1.17,4.33,0.76,18.66,1.11,1
93,1.04,1,0.68,0.83,7.58,1,1.62,2.44,0.61,24.97,1.05,0
94,0.43,0.27,0.4,0.22,5.36,1.43,1.89,1.56,0.34,10.73,0.59,1
95,2.55,2.78,2.09,1.97,9.99,2.16,3.92,9.65,2,35,3.5,1
96,0.68,0.92,1.04,0.51,5.18,0.55,1.55,7.48,3.22,84.65,3.64,0
97,0.25,0.17,0.15,0.34,7.13,1.02,2.14,1.91,0.14,4.07,0.33,0
98,0.35,0.45,0.7,0.37,11.02,1.7,2.88,4.28,0.61,24.49,0.61,1
99,2.7,3.33,1.4,1.23,13,2.14,1.79,5,1.5,35,2.85,0
100,0.89,0.64,1.15,0.7,8.19,1.01,1.86,2.95,0.82,32.75,2.87,0
101,1.03,1.51,1.11,0.55,5.19,0.75,1.56,5.71,1.12,20.76,5.71,1
102,0.54,0.6,0.4,0.53,6.98,1.58,2.06,3.54,0.44,18.61,0.93,0
103,0.9,0.85,0.98,0.36,3.84,0.81,1.03,4.6,1.02,18.92,1.53,1
104,0.56,1.13,0.51,0.5,7.69,2.2,2.05,4.48,0.26,11.53,1.28,0
105,0.56,0.67,0.7,0.47,5.55,0.78,0.89,3.55,0.8,12.66,1.33,0
106,2.53,2.58,1.71,1.69,9.5,3.57,4.17,10,0,0,2.5,1
107,0.92,1.61,1.54,1.54,12.46,2.64,3.98,9.87,3.43,54.53,6.18,1
108,0.27,0.23,0.3,0.27,5.36,1.64,1.83,1.64,0.33,7.91,0.59,0
109,1.9,2.77,2.58,1.91,15,1.43,2,12,2.75,130.43,2.79,0
110,2.36,2.74,1.46,1.83,17,1.99,2.33,6.85,1.25,48,2.25,0
111,0.74,1.26,0.72,1.32,9.61,2.7,2.32,12.85,3.12,77.78,4.32,1
112,1.99,1.12,1.37,0.96,6.75,1.34,1.91,7.79,2.6,39.21,2.49,1
113,0.37,0.37,0.23,0.56,6.98,1.49,1.95,2.93,0.33,13.96,0.74,0
114,1.27,0.52,0.86,0.26,3.12,1.57,2.34,5.71,1.14,25.97,5.19,0
115,0.75,0.82,0.94,0.55,5.3,0.57,0.92,3.18,1.17,27.81,1.06,1
116,2.24,2.42,1.78,1.75,10,2.14,2.8,9,2,69,3.5,1
117,1.36,1.31,0.87,1.06,11.65,2.5,2.82,10.49,1.72,71.37,3.86,0
118,0.55,0.65,0.53,0.54,6.34,0.72,1,4.81,0.63,16.9,0.57,1
119,1.12,1.28,1.04,0.72,3.64,1.03,1.58,5.19,2.6,49.86,3.64,0
120,1.22,1.09,1.73,0.48,5.19,1.47,2.2,6.23,1.45,36.35,6.75,1
121,1.19,1.41,0.98,0.69,5.19,2.51,2.6,6.02,1.56,36.35,3.9,1
122,1.04,1.04,1.04,0.68,4.67,1.3,1.82,7.89,1.66,67.52,5.19,0
123,1.42,1.62,1.49,1.96,11.99,2.71,1.2,8.25,2,64,3,0
124,1.55,1.32,1.14,0.61,6.02,1.35,1.69,5.79,1.66,34.28,4.15,0
125,2.08,1.19,0.91,0.78,10.38,1.57,3.37,4.15,0.39,31.19,2.33,0
126,2.8,1.4,0.84,1.46,9.01,2.32,3.17,13.84,6.01,78.34,3,1
127,0.88,0.91,0.89,1.2,5.47,0.92,1.68,3.17,0.77,131.37,0.33,0
128,2.2,2.26,1.73,1.93,14,2.03,4,6.81,1.5,50,2.5,0
129,0.51,0.39,0.46,0.26,10.83,1.08,2.53,2.6,0.18,0,0.36,0
130,0.94,1.11,0.98,0.33,3.25,3.25,3.25,3.09,1.14,48.79,3.25,0
131,2.55,1.93,2.4,2.7,11.17,2.45,2.58,11.17,2.98,107.58,3.07,1
132,0.95,1.44,1.17,1.28,2.8,1.2,2.24,1.67,0.27,7,1,0
133,0.67,0.89,1,0.47,5.55,0.78,0.89,3.78,0.8,19.33,1.33,0
134,1.27,0.97,0.72,0.9,7.21,2.17,2.32,14.29,3,73.27,3.6,1
135,0.4,0.29,0.4,0.3,3.22,1.44,1.91,1.61,0.3,8.05,0.54,1
136,3.61,2.17,1.08,0.72,10.83,1.44,2.89,4.33,2.17,57.75,5.78,0
137,2,1.04,1.5,0.64,5.19,0.56,1.55,7.27,2.91,72.71,3.64,0
138,1,1.15,0.76,0.55,4.15,1.15,1.32,5.19,1.61,27.01,3.12,1
139,0.94,0.7,1.15,0.42,16.86,1.49,2.25,4.07,0.42,16.5,0.98,0
140,2.67,2.63,1.61,1.55,12,3.04,2.85,7.99,2.25,50,3.5,0
141,1.98,3.66,2.87,1.75,18,2.06,3.58,12,2.75,108.7,5,0
142,1.11,1.4,1.72,1.54,12.46,2.59,3.32,9.35,3.12,57.13,9.04,1
143,0.5,0.53,0.93,0.27,6.36,0.73,0.97,4.3,0.44,21.22,0.35,0
144,2.23,2.81,1.39,1.68,12,2.58,2.77,7.24,2,35,2.3,0
145,1.73,1.32,1.14,0.4,5.19,1.11,1.69,5.79,2.08,32.72,5.19,1
146,0.98,1.08,0.53,0.84,5.59,1.06,1.55,2.8,1.12,68.05,0.56,0
147,0.31,0.31,0.27,0.22,4.33,0.59,0.62,2.16,0.31,19.31,0.15,0
148,1,0.92,0.78,0.62,6.22,1.24,1.76,8.31,3.95,133.47,5.45,1
149,0.34,0.27,0.2,0.22,8.15,1.28,1.93,2.04,0.1,6.11,0.41,0
150,2.79,2.6,2.39,1.32,15.85,2.22,2.48,9.41,3.8,84.54,6.34,1
151,0.86,0.86,0.88,0.54,3.11,0.91,1.04,5.19,1.66,57.13,2.6,0
152,4.62,4.06,1.55,1.57,16.5,3.21,4.04,8.5,1.5,26.5,3.62,0
153,2.96,1.84,1.37,1.5,10.5,2.03,3.95,10.5,3.03,73.35,2.8,0
154,2.18,1.93,2.15,2.12,10.06,3.89,3.8,23.47,1.79,53.65,2.41,1
155,0.75,0.76,0.77,0.48,5.11,0.79,1.16,4,0.89,22.22,1.11,1
156,3.23,4.21,2,2,17,3.04,4.75,7.5,3.5,60,4,0
157,1.91,2.26,2.58,2.43,15.08,3.14,4.3,13.37,4.22,86.46,14.07,1
158,0.6,0.54,0.41,0.48,4.87,0.58,1.04,3.32,0.71,23.32,1.14,1
159,1.4,1.1,1.17,0.41,5.71,0.55,1.25,7.48,2.34,44.66,3.64,0
160,3.59,2.91,1.59,2.09,12,3.28,2.92,5.57,1,31,3,0
161,0.53,0.51,0.69,0.53,4.23,0.65,1.19,4.44,0.53,11.09,0.59,0
162,1.7,1.52,2.05,2.32,11.91,2.15,3.27,12.66,2.61,51.37,2.61,1
163,1.33,1.46,0.77,1.06,8.41,1.72,1.83,15.62,2.58,69.07,3.36,1
164,3.03,2.96,2.29,2.06,11,3.23,3.96,7,2,59.5,5,1
165,0.83,1.04,1.04,0.55,4.15,0.76,1.04,5.3,1.56,41.55,3.38,0
166,1,1.06,0.68,0.35,3.12,1.34,1.75,5.71,1.56,42.59,4.36,0
167,1,0.92,0.78,0.62,6.22,1.24,1.76,8.31,2.29,140.22,5.19,1
168,1.9,0.92,1.77,0.56,6.23,0.57,1.59,8.05,2.7,64.92,3.64,1
169,0.9,0.82,1.02,0.89,5.5,1.24,1.71,4.68,1.51,39.89,2.75,1
170,2.7,2.25,1.32,1.07,7.27,1.74,3.29,10.39,1.45,29.86,3.53,0
171,0.78,0.78,0.67,0.78,10.77,1.49,1.3,3.58,0.47,15.57,1.82,0
172,0.49,0.46,0.58,0.22,3.61,1.44,0.9,2.13,0.14,2.89,0.72,0
173,2.7,1.9,1.53,1.75,12,3.04,3.25,6,1.8,38,3,0
174,2.12,1.99,2.72,0.89,13.41,4.25,4.69,30.85,2.68,53.65,2.01,1
175,0.65,0.77,0.8,0.48,4.44,0.74,1.06,4,0.89,21.99,1.56,1
176,1.08,1.08,0.34,1.16,3.61,1.68,1.93,2.89,0.29,31.09,1.45,0
177,2.2,3.31,1.52,1.94,10,2.86,3.3,6.2,1.25,40,2,0
178,3.41,3.1,2,1,15,3.11,3.75,11,2,70,4.3,0
179,2.6,2.07,1.25,1.75,10,1.61,2.99,9,2,60,2.54,0
180,1.06,1.6,0.9,0.76,5.19,1.32,2.01,5.35,1.35,35.84,2.6,1
181,0.55,0.35,0.48,0.22,10.83,2.17,1.44,2.17,0.14,9.75,1.26,0
182,0.56,0.74,0.19,0.5,7.45,0.96,2.32,1.49,0.75,14.91,0.93,0
183,1.14,0.73,1.19,0.47,3.9,1.23,1.56,5.3,1.71,41.55,3.38,0
184,3.67,3.42,1.77,2.33,12,2.86,2,9.5,2.5,87,2.8,0
185,0.56,0.78,0.7,0.44,5.33,0.78,0.96,3.78,0.89,35.54,1.33,0
186,0.71,0.85,0.85,0.46,5.33,0.67,1.11,4,0.84,17.77,1.22,1
187,1.19,1.55,0.97,0.77,5.19,1.52,2.39,5.3,2.44,41.55,4.12,1
188,0.28,0.28,0.28,0.47,4.65,1.02,1.58,3.12,0.37,8.37,0.47,0
189,0.65,1.19,1.02,0.38,3.64,0.87,1.25,5.04,1.25,25.97,2.6,0
190,1.73,0.92,1.28,0.26,5.19,0.55,1.18,6.86,2.39,85.69,3.95,0
191,0.88,0.88,1.1,0.32,4.93,2.26,1.04,10.91,1.45,48.82,2.7,0
192,0.46,0.37,0.71,0.25,6.17,1.53,2.21,1.66,0.32,17.44,0.54,1
193,1.45,1.45,0.9,0.52,4.67,0.84,1.99,5.61,1.09,31.16,4.67,0
194,0.27,0.21,0.27,0.16,6.44,1.38,1.98,1.5,0.43,13.41,0.54,0
195,0.33,0.67,0.78,0.47,4,0.67,1.11,3.94,0.89,21.99,2.22,0
196,0.49,0.53,0.42,0.22,3.61,1.44,0.9,2.13,0.14,7.22,1.08,0
197,1.76,1.56,1.56,0.75,8.31,1.82,2.83,10.39,1.87,46.74,2.08,0
198,0.65,0.77,0.8,0.48,4.22,0.71,1.06,4,0.89,22.22,1.56,0
199,3.09,3.88,2.72,0.56,11.17,1.81,2.48,11.91,2.42,77.43,2.42,1
200,1.73,1.9,1.56,0.69,6.23,1.8,2.13,5.61,1.56,36.35,3.64,1
201,0.55,0.53,0.7,1.08,8,1.64,2.5,2.4,0.3,15,1.25,0
202,2.74,2.03,1.82,1.62,11,3.33,2.25,7.5,2,25,2.8,0
203,0.68,1.58,0.45,0.73,4.51,0.45,0.9,1.35,0.11,11.26,1.13,0
204,2.01,2.21,1.92,1.07,10.37,2.3,2.59,9.08,0.91,55.11,0.65,0
205,0.35,0.4,0.5,0.15,0.76,0.25,1,1.75,0.05,10,0.31,0
206,3.12,0.92,1.4,0.51,5.71,0.55,1.56,7.27,2.67,54.53,4.05,0
207,4.05,3.47,2.02,1.76,8.99,2.44,3.57,7,2,38.5,3.5,0
208,1.33,1.21,1.88,1.51,9.53,1.86,2.95,6,2.86,92.4,6.19,1
209,6.61,4.4,1.66,2,12,2.86,4,10.79,7,30,1.25,0
210,1.31,1.13,0.67,0.43,7.21,1.99,2.16,13.81,3.24,79.88,2.76,1
211,1.06,0.92,0.81,0.62,6.22,1.24,1.78,8.41,4.15,113.22,5.19,1
212,0.65,0.56,0.65,0.65,5.59,0.87,1.57,1.49,0.98,44.72,1.26,0
213,0.68,0.73,0.87,0.92,4.24,1.46,1.46,2.63,1.17,46.84,1,0
214,0.94,0.91,0.83,1.03,6.75,2.25,2.93,4.99,1.45,51.93,4.15,1
215,0.81,0.66,0.77,0.34,6.78,0.84,2.11,4.34,0.14,5.76,0.41,0
216,1.18,1.58,1.22,0.6,5.19,1.61,1.26,5.76,1.56,57.13,4.15,1
217,1.54,2.03,1.11,1.04,7.27,2.17,2.51,10.39,1.77,62.32,2.6,1
218,0.48,0.55,1.66,0.78,7.27,1.14,1.45,4.41,1.04,27.53,1.04,1
219,4.58,4.09,2.19,1.61,11.17,2.8,4.84,11.17,2.7,89.34,2.98,1
220,0.41,0.33,0.53,0.22,5.36,1.38,1.88,1.58,0.38,13.41,0.54,0
221,0.37,0.42,0.27,0.47,5.12,1.43,1.21,3.21,0.33,13.96,0.65,0
222,1.1,1.3,1.3,0.44,5.19,0.77,1.35,7.37,2.91,57.54,4.36,1
223,0.72,0.92,1.07,0.61,3.64,0.73,1.04,7.48,3.12,83.1,4.99,0
224,2.58,1.75,1.9,1.27,7.68,1.79,2.2,8.52,3.35,69.83,6.49,1
225,1.69,1.45,2.07,2.26,14.57,3,3.2,10.2,1.75,64.09,4.22,1
226,0.75,1.02,0.68,0.9,3.83,0.99,1.37,4.38,0.55,36.13,0.66,0
227,0.94,1,0.75,0.47,5.96,1.32,2.92,2.05,0.65,40.06,1.12,0
228,0.97,0.98,0.48,1.1,7.81,1.51,1.83,15.74,2.76,66.06,2.4,1
229,0.74,0.65,0.6,0.77,6.75,1.21,1.34,3.18,1.06,29.8,1.59,1
230,0.99,0.96,0.29,0.48,4.19,0.65,2.52,1.4,0.82,49.38,0.98,0
231,1.58,1.19,1,1.06,9.61,2.12,2.62,14.41,2.7,72.07,3.36,1
232,1.65,1.81,1.39,1.51,11.17,2.3,2.23,10.42,2.46,60.75,2.61,0
233,1,0.93,0.78,0.62,6.22,1.19,1.48,8.31,2.54,102.83,3.3,0
234,1.04,0.92,0.78,0.68,6.22,1.24,1.79,8.31,2.54,60.24,3.12,1
235,1.34,0.96,1.34,0.61,6.23,0.64,1.4,7.79,3.01,82.52,4.99,0
236,1.99,1.64,1.14,0.97,6.23,1.57,2.25,10.59,1.97,67.52,5.19,0
237,0.45,0.35,0.56,0.22,5.36,1.38,2.01,1.5,0.35,23.33,0.8,1
238,0.56,0.58,0.63,0.55,6.34,0.93,1.35,4.97,0.63,19.02,0.63,1
239,2.73,1.36,1.58,0.94,5.19,0.56,1.89,6.96,2.78,67.52,3.64,1
240,1.49,0.94,1.71,0.58,5.71,0.57,2.21,7.48,2.88,83.1,3.12,1
241,1.56,3.12,1.04,0.9,10.91,2.08,3.12,10.39,1.45,41.55,3.12,0
242,1.14,1.04,1.42,0.33,4.41,1.48,2.23,5.71,1.56,31.16,4.75,0
243,0.95,0.83,0.97,0.33,4.35,0.77,1.15,5.03,1.02,20.46,1.53,1
244,3.31,2.78,1.64,1.62,8,2.19,2.07,7.55,1,17.5,3,0
245,1.03,2.6,1.04,0.21,5.19,1.04,1.25,5.19,1.53,41.55,2.7,0
246,0.28,0.28,0.28,0.49,5.62,1.69,2.25,1.97,0.56,42.14,0.84,0
247,2.08,2.08,1.42,0.68,7.79,1.04,0.73,6.23,1.56,30.12,10.39,0
248,0.24,0.37,0.47,0.31,6.43,2.14,3.39,3.67,0.37,3.67,0.39,0
249,1.44,1.6,0.45,0.61,7.23,2.08,3.12,4.61,0.54,32.56,4.52,0
250,0.36,0.23,0.83,0.29,6.44,1.95,2.28,1.45,0.19,13.41,0.39,1
251,1.33,1.39,1.12,0.39,3.12,1.22,1.36,5.19,1.87,46.74,3.12,0
252,1,0.92,0.78,0.99,6.22,1.36,2.08,8.31,3.12,116.33,8.57,1
253,0.93,2.08,1.14,0.26,6.75,1.66,1.42,10.39,1.56,39.21,2.6,0
254,2.06,1.3,1.08,0.61,6.23,1.06,1.33,6.23,2.6,41.55,3.95,1
255,1.96,3.29,2.49,2.33,11.99,2.84,3.31,10,2,68.5,2.5,0
256,0.62,0.68,1.93,0.57,5.54,1.16,1.85,2.68,0.11,7.38,0.72,1
257,3.19,3.2,2,1.5,12.5,3.14,3.65,8,1.5,35,1,0
258,0.62,0.62,0.67,0.61,4.23,0.85,1.53,4.65,0.42,14.79,0.53,1
259,3.2,2.35,1.3,1.67,8,2.29,2.25,9,1.5,37,3,0
260,1.19,1.41,1.56,0.4,5.45,1.47,1.85,5.71,1.35,35.84,5.19,1
261,1.12,1.12,0.7,0.99,9.61,2.59,2.97,15.62,3.78,79.62,5.53,1
262,0.45,0.35,0.48,0.27,4.14,1.07,1.54,1.53,0.24,10.46,0.64,0
263,1,2.2,1,0.5,17.5,1.71,2.25,9.75,1,60,2.85,0
264,1.12,0.2,0.97,0.32,5.19,0.64,0.88,7.48,3.12,98.68,2.86,0
265,1.72,2.55,1.45,3.77,12.12,3.05,2.06,6,0.95,28.38,5.75,0
266,0.41,0.22,0.14,0.2,3.36,0.81,1.22,1.73,0.08,7.33,0.41,0
267,2.28,1.31,1.38,0.34,5.71,0.55,1.35,7.27,2.6,53.49,3.64,1
268,2.08,1.78,2,1.18,10.06,4.41,3.78,26.82,2.15,134.12,2.41,1
269,5.07,2.83,1.72,1.4,8,2.57,3,6.1,0.5,20,4,0
270,1.12,1.06,1.49,0.57,8,0.88,2,1.4,1.25,75,0.75,0
271,2.6,3.4,1.57,2.37,17.5,3.93,2.83,10,3,175,4,1
272,1.06,0.94,0.91,0.87,6.02,1.49,2.3,4.67,1.25,15.58,3.64,0
273,1.64,1.26,0.97,0.52,3.38,1.16,1.53,5.19,0.75,35.28,3.12,0
274,2.25,1.14,2.08,0.79,5.19,0.55,2.01,7.27,2.8,62.48,3.64,1
275,0.74,0.79,0.7,0.28,2.56,0.8,1.07,4.55,0.89,19.69,1.15,1
276,0.93,1.25,0.86,0.33,2.6,1.17,2.42,6.23,1.04,23.37,5.19,0
277,2.18,2.95,1.54,1.83,11.99,1.66,3.04,10.5,2.5,72,6.47,0
278,2.5,2.1,1.55,1.4,15,3.09,2.27,9.25,1.75,100,2.85,0
279,0.55,0.46,0.38,0.39,4.42,0.52,0.9,3.41,0.66,24.78,0.84,1
280,1.28,1.5,1.26,0.38,5.19,1.14,1.52,6.23,1.56,34.8,4.99,1
281,1.25,1.21,1.14,1.11,4.15,1.83,2.08,6.75,1.25,31.16,3.12,0
282,1.99,1.64,1.03,0.97,6.23,2.46,2.25,10.91,1.66,34.59,5.19,0
283,2.63,3.29,1.56,1.07,6.75,1.87,1.56,11.95,1.66,56.09,2.08,0
284,1.41,1.16,0.86,1.5,7.81,2.08,2.28,13.75,3,68.47,3.12,1
285,1,0.95,0.78,0.8,5.71,1.19,1.48,8.31,2.49,103.87,3.3,1
286,1.03,1.04,1.04,0.52,6.23,1.04,2.07,5.71,2.08,41.55,2.7,0
287,1.81,1.27,0.86,0.66,3.9,0.64,1.27,5.19,1.3,37.78,3.51,1
288,1.17,1.33,1,0.88,3.81,1.17,1.64,2.87,1.11,23.42,1.11,0
289,0.24,0.27,0.22,0.24,1.34,1.34,1.34,0.67,0.09,8.91,0.78,0
290,1.2,1.2,0.62,0.73,8.41,1.2,1.2,12.01,3.24,60.06,4.08,0
291,0.5,0.65,0.64,0.56,5.28,0.94,1.41,4.54,0.53,12.68,0.65,1
292,1.62,1.65,1.43,1.17,9.5,4.29,3.75,7.5,6,125,6,0
293,1.25,1.19,0.95,1.54,7.21,2.7,3.83,18.02,3,60.06,3.6,1
294,2.54,3.64,2.32,1.36,16.5,2.14,4.56,9.59,2.9,90,3.8,1
295,1.22,1.52,1.01,0.54,4.41,1.1,2.6,6.23,1.09,22.85,3.53,1
296,2.93,2.15,1.67,1.56,10,3.75,3.69,11.53,2,60,2.75,0
297,0.5,0.51,0.53,0.57,5.28,0.92,1.3,4.65,0.5,13.21,0.53,1
298,2.78,2.43,1.62,3,9,1.79,3.25,7.5,1.5,34,2.5,0
299,2.14,1.88,2.5,4.69,11.4,4.06,3.38,30.18,2.62,100.59,1.94,1
300,0.46,0.38,0.27,0.22,4.63,0.98,0.73,2.16,0.22,9.27,0.31,0
301,1.64,1.2,1.09,1.01,4.65,1.31,2.74,4.93,0.49,26.27,0.44,0
302,0.93,0.83,1.07,0.49,7.03,0.74,1,2.14,0.41,18.15,1.23,0
303,1.94,1.4,1.05,1.14,7.21,1.69,2.93,12.79,2.58,60.06,3.6,1
304,1.27,0.97,0.72,0.9,7.21,1.8,2.32,14.29,3.6,69.67,3.6,0
305,0.88,0.9,1.08,0.75,6.75,1.35,2.25,4.78,1.19,20.77,3.64,1
306,1.55,1.91,0.97,2,10.5,0.8,1.82,5.75,0.5,30,1.5,0
307,2.08,2.16,1.04,0.83,7.27,2.08,2.98,10.39,1.56,39.47,2.29,0
308,0.37,0.55,0.34,0.31,7.96,1.53,2.86,3.55,0.37,15.97,0.37,0
309,3.68,2.09,1.44,0.92,10.83,2.38,3.06,4.11,1.73,36.1,4.01,1
310,0.69,0.53,0.8,0.46,5.31,0.69,1.14,3.08,0.8,30.8,0.8,0
311,0.92,1.07,0.84,0.8,4.15,1.17,2.08,5.3,1.66,31.16,3.56,1
312,0.82,1.64,1.67,0.85,11.17,2.02,2.05,8.19,2.42,54.35,2.51,0
313,1.73,2.44,1.32,0.75,8.31,3.12,2.6,10.39,1.45,54.01,2.08,1
314,0.84,0.98,0.84,1.05,6.01,2.1,3.8,14.41,2.64,66.06,2.64,0
315,1.35,1.74,0.78,1.18,9.61,2.4,1.88,13.21,6.01,120.12,3.6,0
316,2.24,2.42,1.78,1.75,12,2.14,2.8,10.25,1.88,50,3.5,0
317,1.36,1.51,0.84,1.46,10.21,3.1,3.8,14.41,2.46,58.96,2.64,1
318,1.81,1.27,0.83,0.66,3.9,0.64,1.27,5.19,1.19,22.85,3.51,0
319,1.87,1.87,1.06,0.41,6.75,1.95,2.08,10.39,1.71,43.63,2.18,0
320,1.86,2.26,2.1,1.15,14.79,2.93,3.51,8.98,3.91,78.2,7.19,1
321,0.93,0.72,1.46,0.7,9.83,1.11,2.09,2.87,0.46,24.56,1.23,0
322,2.03,1.81,2.28,1.82,13.4,2.84,3.66,12.66,1.86,52.12,2.7,1
323,1.25,1.05,0.81,1.31,9.31,2.88,3.13,15.32,3.3,75.07,3.42,1
324,0.65,0.77,0.8,0.44,4.44,0.74,0.96,4,1.11,26.66,1.56,0
325,2.2,0.73,1.71,1.77,11.17,3.16,4.28,16.01,1.68,38.72,2.53,0
326,0.57,0.48,0.48,0.54,4.4,1.01,1.1,2.82,0.26,8.81,2.64,1
327,1.76,2.66,1.04,1.43,7.27,1.82,2.83,9.87,1.97,78.11,2.49,0
328,0.77,0.86,1.66,0.32,3.32,0.7,1.08,4.88,1.28,23.65,2.3,1
329,2.51,2.17,1.48,1.78,12,1.86,3.75,9.75,4,62,3,0
330,4.07,4.59,2.66,2.35,15,1.86,3.67,10,3.5,27.5,7,0
331,0.33,0.44,0.56,0.38,4,0.67,1.11,3.67,0.8,33.32,1.33,0
332,0.49,0.51,0.31,0.31,3.67,1.63,2.14,1.47,0.12,12.24,1.1,0
333,1.66,2.16,1.21,0.2,7.27,2.08,2.98,10.39,1.61,46.74,2.6,0
334,0.53,0.74,0.74,0.43,4.33,0.82,1.11,4,0.67,19.99,1.33,0
335,1.25,3.2,1.96,1.46,14.89,1.86,1.86,13.4,2.23,89.34,3.11,1
336,1.4,1.2,1.07,1.26,10.34,2.39,3.28,10.2,1.75,62.05,3.29,1
337,2.85,2.77,2.77,2.28,13.41,4.33,4.86,26.15,2.01,42.57,3.76,1
338,2.7,0.96,0.93,0.86,5.19,0.68,1.16,8.31,2.8,60.76,3.32,1
339,1.69,1.82,1.3,0.77,6.02,1.11,1.63,5.71,1.56,44.14,4.15,1
340,1.36,2.77,2.45,0.53,7.07,0.97,1.83,2.3,0.35,8.84,0.27,0
341,3.49,2.71,1.59,2,15,2.79,3.44,8.5,3.5,45,3,0
342,1.56,2.05,1.38,1.5,12.46,2.9,2.84,9.24,3.12,56.09,8.31,1
343,0.84,0.95,0.47,0.52,6.89,1.06,2.24,2.8,0.84,18.63,0.75,0
344,1.15,1.22,1.23,0.8,4.15,1.04,2.04,5.19,1.56,41.55,2.08,0
345,1.09,1.09,0.77,1.09,4.38,1.64,2.74,4.93,0.55,21.9,0.6,0
346,1.04,1.62,1.55,0.35,4.41,1.26,2.75,5.19,2.08,38.95,3.69,0
347,1.83,2.08,1.49,0.69,7.79,2.19,1.42,10.65,1.45,41.55,2.6,0
348,0.49,0.62,0.72,0.66,5.28,0.81,1.03,4.65,0.42,17.96,0.63,1
349,1,0.92,0.78,0.58,6.22,1.24,1.6,8.31,3.32,59.73,3.22,1
350,0.44,0.4,0.32,0.24,5.78,1.19,1.59,2.02,0.18,10.83,1.26,0
351,0.67,0.38,0.72,0.49,1.56,1.03,0.76,2,0.29,15.03,0.78,0
352,1.71,1.52,1.21,0.29,3.12,3.12,2.39,5.61,1.3,33.24,2.6,0
353,1.05,1.04,0.81,1.17,8.41,2.58,2.18,15.62,3.24,98.2,3.36,1
354,1.92,1.86,2.37,1.84,10.06,2.91,3.86,25.15,2.68,26.82,3.02,0
355,0.62,0.24,0.4,0.29,1.3,0.6,1.2,2,0.15,7,0.39,0
356,2.17,1.66,2.38,1.46,9.32,2.57,3.26,22.06,1.69,55.92,1.86,1
357,1.51,1.58,1.17,1,10,1.5,2.12,7.75,1,30,1.65,0
358,1.46,1.31,1.46,0.95,10.2,2.62,2.82,10.2,1.75,30.59,8.74,0
359,2.1,4.09,2.49,1.53,11.91,2.53,2.71,8.19,2.61,56.03,2.51,0
360,0.88,1.01,1.01,0.62,7.17,1.26,2.08,5.3,1.77,56.09,2.23,0
361,0.49,0.22,0.58,0.22,3.61,1.44,0.9,1.52,0.11,19.5,0.72,0
362,1.51,1.33,1.81,1.06,14.57,2.5,4.08,11.07,1.7,67,8.16,1
363,2.09,1.73,1.54,1.47,12.99,1.43,2,5.87,1,30,4,0
364,0.99,1.04,0.88,0.42,5.71,0.88,2.08,5.71,1.04,20.77,2.6,0
365,1.59,1.38,1.2,0.53,6.49,1.08,1.18,5.92,2.8,54.01,6.65,1
366,0.78,0.8,1.07,0.29,3.83,0.68,0.8,5.11,0.64,21.09,2.05,1
367,2.41,2.62,1.19,1,10,1.43,1.1,5.45,1.62,15,2.5,0
368,1,0.81,0.68,0.27,6.78,1.08,1.76,4.34,0.41,12.2,0.27,0
369,2.41,3.31,2,1.75,15,1.79,2.33,9,3.5,50,2.5,0
370,1.12,1.59,0.78,0.76,2.58,0.86,1.33,2.36,1.45,56.1,0.54,0
371,2.13,2.94,2.21,2.48,13.57,3.74,5.43,14.58,4.07,60.32,14.58,1
372,1.27,1.04,0.78,0.42,4.67,1.25,2.34,5.71,1.56,31.16,7.53,0
373,2.45,2.61,2.07,1.9,13.4,2.37,2.33,11.17,2.23,59.56,2.23,1
374,1.01,0.81,1.03,0.93,6.19,1.3,1.58,4.75,1.65,41.27,3.44,1
375,0.95,0.79,0.32,0.61,3.96,0.95,1.27,0.87,0.4,11.88,0.4,0
376,4.04,6.83,1.75,2.67,10,1.21,3,10.5,1.5,20,2.95,0
377,0.49,0.48,0.73,0.32,5.36,1.64,1.83,1.8,0.35,16.09,0.64,1
378,3.15,3.52,1.64,1.65,11,1.43,2.08,9.5,1.5,28,2.75,0
379,0.33,0.44,0.78,0.48,4,0.71,1.06,4,0.89,21.99,1.56,0
380,1.1,0.93,0.83,0.65,6.22,1.24,1.84,8.31,3.12,51.93,4.54,1
381,1.24,0.95,0.77,0.51,16.86,1.73,2.9,3.16,0.28,14.05,1.12,0
382,4.59,5.92,2.28,2.87,12.37,5.71,2.75,10.75,2.25,63,3.25,0
383,2.26,2.62,1.1,2.77,10.91,1.82,3.9,10.39,1.56,31.16,2.16,1
384,1.62,1.59,2.86,1.91,9.05,1.75,2.14,6.29,2.76,60.01,4.52,1
385,2.18,1.54,1.69,1.6,10.52,2.32,2.58,11.17,2.61,67.01,2.98,0
386,2.08,1.24,1.73,0.72,5.19,0.71,1.35,6.96,2.91,59.98,4.67,1
387,1.53,1.27,0.51,1.15,3.06,2.29,2.04,3.56,1.27,45.83,1.53,0
388,0.38,0.37,0.61,0.35,2.57,0.72,1.12,1.61,0.23,5.41,1.35,0
389,1.12,0.89,0.83,0.9,5.01,1.25,1.78,8.52,6.23,129.84,4.15,0
390,0.83,0.78,1.61,0.66,7.91,1.09,2.04,1.78,0.3,12.13,0.95,0
391,2.23,2.23,2.05,1.61,11.17,2.23,3.72,11.17,2.79,99.39,3.54,0
392,1.36,1.67,2.57,1.21,7.62,1.76,2.38,6.19,2.29,58.59,5.48,0
393,1.19,0.92,0.93,0.45,5.18,0.6,1.5,7.37,2.6,64.4,2.86,1
394,1.07,1.51,1,0.54,5.66,1.68,2.3,6.23,1.87,46.74,5.19,1
395,1.3,0.92,1.04,0.46,6.23,0.55,0.85,6.96,2.91,72.71,3.74,0
396,1.58,1.1,0.78,1.08,9.61,2.4,2.7,12.01,3.6,72.07,2.82,0
397,0.84,1,0.98,0.47,3.12,0.86,1.19,4.99,1.56,13.01,3.38,1
398,1.29,1.2,1.11,0.75,6.52,0.95,3.73,2.8,0.88,32.8,1.3,0
399,1.84,0.95,1.24,0.42,4.67,0.57,1.3,7.27,2.96,77.9,3.22,0
400,0.83,1.04,1.04,0.27,5.19,0.99,2.44,5.71,1.25,33.24,3.12,0
401,1.34,1.47,1.09,1.39,9.01,2.14,2.92,14.41,3.84,69.67,3.36,1
402,1.07,1.11,0.78,1.37,8.41,2.18,2.38,14.71,3.24,71.47,3.6,1
403,0.87,1.13,0.71,1.25,8.41,2.72,2.7,15.01,3.12,69.67,3.6,1
404,1,0.92,0.78,0.62,6.22,1.24,1.73,8.31,2.08,109.06,3.32,0
405,1.94,1.48,1.62,1.76,10.13,1.77,2.83,7.68,3.35,55.87,6.98,1
406,0.8,0.72,0.52,0.63,3.62,2.84,3.62,4.61,0.95,21.71,3.62,0
407,1.11,0.92,1.05,0.52,3.12,0.97,2.42,5.71,1.87,41.55,3.38,1
408,1.19,1.97,0.92,0.87,4.93,0.71,1.32,5.19,1.25,23.37,5.97,1
409,2.01,2.23,2.36,2.55,15,3.43,3,10.5,2.5,145,2.5,0
410,1.31,0.92,1.21,0.47,4.67,0.6,1.4,7.27,2.86,71.67,3.64,0
411,1.71,1.3,1.5,0.99,12.97,1.67,2.94,3.63,0.93,18.16,2.59,0
412,0.46,0.55,0.63,0.49,4.23,0.66,1.03,3.96,0.53,12.15,0.53,0
413,1.62,1.36,1.3,0.44,6.23,1.65,2.32,5.82,1.56,41.55,8.31,1
414,1,0.92,0.78,0.62,6.22,1.24,1.76,8.31,3.53,51.93,7.79,1
415,0.98,0.88,0.6,1.25,5.47,0.77,1.09,4.27,0.55,0,0.82,0
416,0.67,0.67,0.56,0.5,3,0.67,0.81,4,0.56,24.99,1.33,0
417,1.53,1.26,0.78,0.52,6.23,1.18,1.3,2.59,0.57,12.97,1.69,0
418,1.2,0.98,0.96,1.06,6.61,1.2,1.36,13.5,3.9,96.09,3.36,0
419,1.64,1.9,2.08,0.62,6.23,1.11,2.42,6.13,1.56,35.84,5.71,1
420,0.84,0.98,0.84,0.93,6.01,1.49,1.42,13.8,2.4,48.05,3,0
421,0.72,0.28,0.51,0.25,6.5,1.08,1.54,2.35,0.18,14.44,0.72,0
422,5.01,4.69,2,2.61,14,3.1,3.5,9.5,2.5,90,3,1
423,3.51,3.5,2.18,1.72,15,2.89,3,10,1.5,48.25,3.12,0
424,0.58,1.04,1.05,0.57,6.66,0.96,1.26,4,0.67,17.77,1.56,0
425,0.73,0.83,1.14,0.35,5.19,0.99,0.78,5.71,3.12,36.35,2.08,0
426,2.77,0.92,1.69,1.2,5.19,0.71,1.35,8.31,2.49,54.27,2.8,1
427,0.97,1.43,1.76,1.2,12.46,2.7,3.16,9.37,3.43,55.05,6.13,0
428,4.1,2.76,2.07,2.57,9,2.14,4.09,10.28,2,68,4,0
429,1.02,1.14,0.82,1.16,12.01,2.08,3.36,14.41,3.3,102.88,3.72,1
430,2.42,1.82,2.23,1.49,11.17,2.08,2.49,11.17,2.79,87.11,3.16,0
431,1,0.92,0.78,0.99,6.22,1.24,1.76,8.31,2.29,138.49,3.48,0
432,1.03,3.64,1.29,0.99,4.15,1.04,1.56,10.39,1.71,46.22,2.39,0
433,2.59,3.79,1.81,1.56,15,1.79,2.5,5.82,1,20,2.75,0
434,0.44,0.5,0.67,0.32,3.55,0.52,1.07,3.55,0.71,17.77,1.11,0
435,1.68,1.16,0.87,1.21,8.41,2.08,2.77,13.75,3,64.86,3.12,0
436,8.82,4.32,1.44,1.06,10.49,1.46,1.09,4.25,0,0,3,0
437,0.93,0.8,1.01,0.49,5.19,1.45,1.48,5.19,3.01,20.77,2.49,1
438,0.45,0.42,0.27,0.24,4.17,0.98,0.9,2.63,0.15,17.77,0.15,0
439,0.99,1.51,1.04,1.32,11.43,2.9,2.98,9.24,3.53,60.24,8.31,0
440,1.23,1.28,1.58,0.42,7.01,1.32,1.64,6.23,1.25,34.07,7.79,1
441,0.48,0.64,0.19,0.32,6.12,2.68,2.1,2.14,0.29,3.82,3.82,0
442,1.79,1.91,1.34,2.08,12,2.5,2.28,6.95,1.25,37.5,2.95,0
443,1.22,1.18,2.7,1.38,11.43,1.67,1.91,6.67,2.48,59.54,11.91,1
444,2.93,3.89,2.06,1.5,12.99,3.04,4.5,9,1,32,2.75,0
445,2.56,1.97,1.49,1.89,10.5,2.54,2.49,9,2.38,43.5,3.75,0
446,1.84,2.2,1.27,1.8,12,2.57,2.76,7.5,1,20,5,0
447,2.62,3.6,2.04,1.36,11.17,3.16,5.21,12.65,2.44,81.99,2.49,0
448,0.44,0.67,0.67,0.44,5.55,0.56,0.96,4,0.93,15.55,3.33,0
449,0.97,0.93,0.48,0.88,7.81,1.51,1.83,13.75,6.01,74.47,2.16,0
450,1.04,0.92,1.04,0.38,5.19,0.55,1.25,6.96,2.86,57.39,3.12,0
451,2.46,3.63,1.58,1.9,12,2.66,3.81,7,2.62,67.5,2.5,0
452,0.95,0.83,0.97,0.31,3.32,0.77,0.83,5.03,0.66,16.57,1.53,0
453,0.62,0.67,0.63,1.15,3.08,1.35,1.93,2.05,0.2,24,1.63,0
454,1.19,1.41,0.98,0.28,5.45,1.09,1.27,5.71,1.35,38.69,5.19,0
455,1.08,0.54,1.16,0.85,3.49,1.04,1.32,4.65,0.42,21.13,0.63,0
456,1.12,1.1,2.1,1.62,9.86,1.26,1.41,5.95,2.57,97.6,5.72,1
457,1.75,1.79,1.83,1.2,10,1.71,2.45,8.25,1,20,5,0
458,3.38,3.75,0.85,0.99,4.15,1.04,1.56,10.91,1.77,31.16,2.21,0
459,1.12,0.84,1.12,0.51,16.86,1.97,3.37,2.25,0.56,33.71,1.19,0
460,1.3,1.21,1.12,0.91,14.05,1.65,2.25,3.44,0.42,8.43,1.12,0
461,0.56,0.65,0.82,0.47,4.4,0.84,1.41,2.82,0.35,10.57,2.64,1
462,0.42,0.45,0.32,0.24,4.94,0.87,0.86,2.78,0.31,15.45,0.17,1
463,0.83,0.92,1.03,0.42,4.15,0.55,1.29,7.12,2.86,62.32,3.32,0
464,0.79,1.06,1.06,0.58,5.3,0.57,0.86,3.18,0,0,0.85,0
465,2.08,0.92,0.93,0.26,4.15,0.55,1.45,6.65,2.6,52.87,3.12,0
466,1.1,1,0.84,1.5,7.21,1.97,2.25,13.21,2.4,60.06,3.12,0
467,2.26,1.82,1.04,0.96,6.23,2.34,3.98,10.39,1.82,62.32,2.75,0
468,2.49,2.33,2.42,1.92,11.17,2.52,2.75,12.47,1.86,63.28,2.74,0
469,2.08,0.92,0.93,0.4,5.18,0.55,1.45,6.96,2.91,74.79,3.22,0
470,1.14,1.15,1.34,0.64,6.23,0.56,1.55,7.27,2.54,59.41,3.58,1
471,0.46,0.37,0.14,0.15,2.32,0.43,0.45,1.24,0.05,2.47,0.14,0
472,1.27,2.08,1.95,0.49,5.19,1.9,2.34,6.13,2.08,41.55,8.31,1
473,2.05,2.09,2.26,1.55,11.56,3.42,4.42,14.02,3.37,77.41,12.06,1
474,0.98,0.49,0.7,0.72,1.5,0.91,1.57,2.5,0.6,12,1.5,0
475,0.59,0.58,0.62,0.46,6.83,0.9,1.41,2.82,0.35,8.81,2.64,0
476,0.87,0.96,0.93,0.51,5.19,0.69,1.56,8.31,2.29,65.13,4.67,1
477,1.14,0.97,0.78,0.86,4.67,0.92,1.9,5.53,1.04,23.37,4.67,0
478,0.91,1.24,1.12,0.75,4.78,1.17,2.23,5.09,2.03,36.35,3.12,1
479,1.86,1.88,1.07,1.53,9.3,2.12,2.85,14.41,3.84,104.43,3.6,1
480,2.15,2.01,1.14,0.33,6.23,1.4,1.77,5.71,1.35,31.68,4.36,0
481,0.93,0.93,0.37,0.56,3.26,1.02,2.14,1.49,0.93,40.51,2.8,0
482,2.7,2.54,2.03,1.58,10.5,2.14,2.33,7,3,70,2.5,0
483,1.3,0.92,1.07,0.46,5.19,0.56,1.33,7.27,2.91,83.1,3.64,0
484,1.68,2.08,2.38,1.9,15,1.84,3.19,10.18,2.75,100,5.25,1
485,0.7,0.75,0.95,0.6,5.03,0.65,0.97,3.18,1.06,27.81,1.06,1
486,1.35,1.71,0.86,0.5,5.17,1.8,1.82,6.75,2.49,58.48,2.8,0
487,3.66,3.7,2.79,0.68,13.74,1.78,1.98,8.98,3.38,97.75,7.4,1
488,1,0.92,0.78,0.83,6.22,1.23,1.88,8.31,2.44,166.19,5.19,0
489,0.44,0.44,0.67,0.44,6.11,0.73,1.11,4,0.8,12.22,1.56,0
490,1.06,1.14,0.73,1.19,9.61,2.88,3,14.23,3.24,71.5,3.6,1
491,2.18,3.28,1.49,1.65,13,1.79,1.75,10,1.75,100,2.73,0
492,2.91,2.51,2.74,2.35,18.1,4.19,4.36,13.07,4.52,83.44,13.57,0
493,3.2,3.84,2.23,1.13,12.91,1.52,3.25,3.68,1.13,41.35,2.26,0
494,0.87,0.67,0.59,0.41,4,0.67,0.81,4.11,0.96,24.66,1.33,0
495,2.93,2.97,2.16,2.7,17,4.29,3.33,9,2.5,30,1,1
496,0.98,0.89,0.93,0.26,3.96,0.78,1.11,4.72,0.89,25.57,1.79,0
497,1.83,2.08,1.21,0.2,7.27,2.19,1.42,10.39,1.66,38.09,2.6,0
498,0.99,1.11,0.97,0.85,4.68,1.27,0.88,2.93,1.76,17.57,2.02,0
499,0.39,0.36,0.15,0.24,3.71,0.78,1.08,2.47,0.15,5.15,0.15,0
500,0.56,0.56,0.73,0.51,5.28,0.77,1.2,4.65,0.53,42.26,0.53,0
501,1.31,1.22,0.64,0.92,10.21,1.92,1.92,14.41,3.24,85.73,4.38,0
502,0.48,0.37,0.63,0.19,6.97,1.52,1.88,1.56,0.36,16.76,1.07,1
503,2.2,1.08,0.92,1.08,6.01,2.13,2.4,13.81,3.36,75.2,3.6,0
504,3.49,4.08,2.59,2.43,13.4,3.1,3.83,14.89,2.14,51.37,2.38,1
505,0.84,0.98,0.77,1.05,7.21,1.86,1.8,13.81,4.68,60.06,2.64,0
506,0.46,0.35,0.75,0.5,5.19,1.07,1.32,4.31,1.04,29.08,0.78,0
507,1,0.92,0.78,0.57,4.15,0.65,0.99,8.31,8.31,41.55,8.57,0
508,2.01,1.72,2.01,1.59,10.06,4.36,4.34,14.75,2.01,53.65,2.35,0
509,1.3,1.2,1.89,0.96,11.65,3.19,2.81,10.2,1.75,42.24,5.24,1
510,0.54,0.42,0.28,0.24,5.1,0.98,0.9,2.72,0.22,9.4,0.17,1
511,5.71,5.79,2.29,1.93,12.5,2.86,2.62,6.89,1.8,48,2,0
512,0.38,0.68,0.85,0.43,3.52,0.77,0.85,1.92,0.41,5.41,1.76,0
513,1.56,1.73,1.04,0.29,4.15,2.29,3.04,6.23,1.56,36.35,4.52,0
514,0.32,0.23,0.51,0.18,5.1,1.61,1.94,1.5,0.38,20.08,0.54,0
515,2.42,2.34,1.97,1.9,11.17,2.32,2.42,11.17,2.42,67.01,2.98,0
516,0.93,0.92,0.87,0.4,3.9,0.55,1.56,5.19,2.86,93.48,3.74,0
517,1.97,1.09,0.95,1.01,5.19,1.45,1,5.19,1.45,35.11,4.15,1
518,0.45,0.38,0.64,0.2,5.1,1.34,1.61,1.5,0.24,16.09,0.43,0
519,0.89,0.64,1.15,0.7,8.19,1.01,2.36,3.11,0.74,49.13,2.87,0
520,0.34,0.41,0.54,0.44,4.87,0.81,0.81,1.89,0.19,9.2,1.22,0
521,0.99,0.84,0.76,1.02,10.21,2.55,2.6,15.35,3,75.67,4.8,1
522,1,0.92,0.78,0.62,6.22,1.24,1.82,8.31,2.6,54.01,3.12,1
523,1.65,1.66,3.04,0.48,10.56,2.8,2.96,22.99,2.49,93.2,2.17,0
524,3,2.4,1.42,2.4,7.21,2.1,2.46,14.41,3.54,75.1,3.36,1
525,0.72,1.08,0.88,0.92,8.41,2,1.92,13.51,3.6,81.68,2.58,0
526,1,1.51,0.99,0.88,4.15,0.55,1.29,7.27,2.8,93.48,2.91,0
527,0.53,0.4,0.64,0.25,5.1,1.99,1.94,1.5,0.24,5.36,0.32,1
528,2.25,1.73,1.38,0.36,6.23,1.97,2.77,6.02,1.56,57.13,15.58,0
529,1.09,0.96,1.56,0.73,5.18,0.55,1.38,6.96,2.91,64.92,3.64,0
530,0.63,0.61,0.58,0.51,6.34,0.66,1.13,4.23,0.53,19.02,0.57,0
531,1.04,0.93,1.25,0.55,4.14,1.89,1.5,10.39,2.02,78.11,2.7,0
532,1.88,1.05,0.97,0.67,7.27,1.53,2.45,7.53,2.6,38.09,5.19,1
533,1.66,1.09,0.88,0.66,5.3,2.03,1.87,4,0.52,28.04,3.32,0
534,1.38,1.14,1.58,0.56,6.23,1.06,1.77,5.71,2.29,44.66,3.74,1
535,2.44,3.1,1.76,2.33,12.5,3.16,3.43,11.5,2.75,80,2.6,0
536,0.53,0.88,0.61,0.88,2.65,0.85,1.42,3.19,0.8,21.24,0.53,0
537,1.38,1.73,2.15,0.57,6.23,1.65,1.58,5.56,1.45,36.35,5.19,1
538,1.56,1.3,1.14,0.39,4.1,1.25,1.56,6.23,1.56,38.43,8.31,0
539,1.69,1.19,1.03,0.72,5.19,0.55,1.55,6.96,2.55,67.52,3.01,0
540,3.12,1.87,1.42,2,10,2.77,3.61,6.5,1,30,6,0
541,1.87,0.8,1.17,1.04,8,4.46,3.45,9.88,1.5,35,4.25,0
542,3.22,3.24,1.54,1.85,14,2.37,1.97,7.85,0.75,25,4.5,0
543,5.31,3.68,1.24,2.44,12.64,2.42,4,7.6,2.14,56.2,3,0
544,1.54,2.06,1.79,2,15,2.26,2.45,6,1.5,25,2.5,0
545,2.04,2.21,1.75,1.67,14.89,2.8,3.82,11.43,1.86,43.74,2.68,1
546,2.14,1.53,2.64,1.3,11.71,2.8,3.73,24.7,1.74,27.96,2.02,1
547,0.62,0.83,0.99,0.62,3.12,0.74,0.78,5.19,1.04,28.56,2.08,0
548,0.73,0.79,0.79,0.51,3.96,0.92,1.58,1.48,0.32,13.85,0.67,0
549,2.3,2.78,2.19,1.37,11.91,2.23,2.26,12.66,1.49,40.2,2.79,1
550,1.41,1.12,1.3,0.62,5.19,1.36,1.78,4.62,2.08,30.12,1.04,1
551,0.75,0.61,1.04,0.38,5.96,0.84,1.49,2.71,0.14,0.81,0.22,0
552,1.58,2,0.8,1.54,9.61,3.08,1.92,14.41,3.6,90.01,3.36,1
553,0.93,0.68,0.83,0.52,4.93,0.71,1.32,5.19,1.04,31.16,4.67,0
554,1.41,1.37,1.67,1.7,11.65,2.84,3.42,10.78,1.78,65.54,4.66,1
555,0.95,0.8,0.73,0.29,2.56,0.76,1.27,5.11,0.84,19.18,1.28,1
556,1.58,0.99,0.81,1,6.38,1.25,2.06,3.44,1.28,29.89,3.51,0
557,1.37,1.1,1.01,1.38,9.61,2.1,2.7,14.41,3.72,118.92,3.36,0
558,0.7,0.52,1.8,0.7,8.31,1.41,1.94,4.8,1.04,23.37,2.6,1
559,0.42,0.45,0.32,0.23,3.09,0.67,0.74,2.78,0.21,7.72,0.15,0
560,0.77,0.73,0.59,0.63,7.5,1.16,1.77,2.06,0.25,15.01,0.75,0
561,2.49,1.44,3.64,0.82,13.61,7.67,15.67,6.27,4.33,143.52,4.77,1
562,0.47,0.55,0.76,0.57,4.23,0.66,1.03,4.44,0.53,16.9,1.06,1
563,1,0.92,0.78,0.62,6.22,1.24,1.76,8.31,2.6,95.56,7.79,0
564,1.04,0.97,0.5,0.7,8.41,1.98,2.16,12.61,4.2,30.03,3.12,0
565,0.84,1.2,0.78,0.8,7.81,2,2,12.61,2.76,67.27,4.44,0
566,0.88,1.08,1.28,1.08,9.61,2.03,3,15.62,3.6,54.65,3.72,1
567,0.83,1.09,0.93,0.52,4.15,0.78,3.64,4.99,2.08,41.55,3.64,0
568,1.38,1.24,1.79,1.36,8.1,2.02,2.07,6.62,2.86,80.5,9.53,1
569,1.24,1.55,1.86,1.14,8.48,1.72,1.98,5.72,3.19,39.06,5.48,0
570,1.37,1.45,0.73,0.62,3.12,1.04,2.34,10.39,1.77,31.16,2.49,0
571,0.68,0.81,1.38,0.47,3.64,0.77,0.75,3.64,0.52,20.67,1.56,1
572,1.9,0.86,0.93,0.65,5.19,2,0.96,7.32,2.6,50.9,6.75,0
573,2.72,2.42,1.79,1.99,10,2.56,2.95,11,1.75,100,3.5,0
574,0.31,0.35,0.13,0.31,1.42,0.44,0.85,2.74,0.62,28.32,1.06,0
575,2.32,2.6,1.3,0.59,6.75,1.04,1.87,6.23,1.66,31.16,8.31,0
576,0.58,0.92,0.97,0.45,5.04,0.74,1.46,3.19,0.53,21.24,0.8,0
577,0.75,0.78,0.97,0.77,4.67,1.66,3.9,4.78,1.35,51.93,3.32,1
578,0.97,1.03,0.83,0.7,4.15,1,1.72,5.19,1.12,31.16,2.6,0
579,0.74,0.92,1.19,0.63,2.65,0.8,1.33,3.19,0.58,12.74,0.8,0
580,0.82,0.93,1.33,0.49,21.97,2.34,4.12,6.32,0.55,54.93,2.2,0
581,0.27,0.22,0.49,0.32,2.16,0.61,0.95,2.16,0.16,6.76,0.95,0
582,1.8,2.1,1.5,1.5,12,2.43,2.5,7.5,4,100,3.2,0
583,1.33,1.39,1.24,0.73,3.64,1.22,1.36,5.19,1.56,51.93,5.19,0
584,1.28,1.1,0.78,1.74,9.61,3.4,3.6,12.01,1.68,96.09,3.6,0
585,0.39,0.27,0.53,0.22,5.9,1.33,1.33,1.5,0.36,24.14,0.54,1
586,2.6,1.08,0.96,1.32,9.61,2.16,3,15.32,3.72,96.62,3.6,0
587,1.96,2.03,1.08,1.59,7.64,2,2.46,4.58,1.27,45.83,1.53,0
588,1.85,2.59,2.31,1.46,9,2.12,2.25,7.25,2.2,88,2.17,0
589,0.66,0.47,0.31,0.58,4.42,1.33,0.88,3.32,0.53,18.58,1.15,0
590,1.84,1.9,1.77,0.74,6.75,1.81,2.86,6.23,1.56,33.5,6.75,1
591,0.49,0.53,0.42,0.53,3.17,0.77,0.85,4.65,0.53,16.37,0.48,0
592,1.04,1.56,2.07,2,10.39,2.6,2.08,9.37,3.64,45.7,6.13,0
593,1.12,1.1,1.31,1,3.12,0.47,1.09,5.4,1.45,33.24,3.69,0
594,1.72,1.44,1.44,1.5,10.5,3,2.25,9.5,2.75,78,2.5,0
595,1.07,1.07,1.17,1.24,10.2,2.23,2.45,10.2,1.46,34.96,5.83,0
596,1.71,1.47,1.41,1.15,22.08,2.12,3.17,4.64,1.47,38.09,0.81,0
597,1.11,1.56,1.68,1.58,12.46,3.12,3.14,9.09,3.64,58.69,7.24,0
598,1.78,1.87,1.02,0.89,6.05,1.48,2.88,2.66,0.69,15.57,2.35,0
599,0.63,0.69,0.94,0.98,5.5,1.21,1.54,4.4,1.51,37.83,2.75,1
600,2.96,2.75,2.11,1.51,10.57,2.22,2.85,8.67,4.23,84.54,7.4,1
601,1.09,1.04,0.84,0.48,18.26,1.41,2,3.79,0.84,0,2.81,1
602,2.73,1.95,1.64,0.94,10.42,2.45,2.79,11.17,3.07,111.68,2.98,0
603,0.93,0.84,1.04,0.65,4.67,0.79,1.49,4.58,0.88,20.77,3.12,1
604,0.42,0.34,0.27,0.23,4.02,0.67,0.74,2.16,0.25,7.72,0.17,0
605,1.32,1.02,0.68,0.96,8.41,1.2,1.2,14.41,2.94,78.34,2.64,0
606,0.93,0.66,0.7,0.49,6.37,0.65,1.11,3.03,0.69,15.93,1.01,0
607,1.65,4.03,1.33,3.17,19,2.86,1.3,11,2.85,83.4,2.62,0
608,2.29,2.58,1.48,2.36,13.4,1.49,2.12,11.91,1.82,87.85,2.98,0
609,0.9,0.98,0.56,0.64,8.4,2.21,3.24,14.41,2.64,110.99,3.6,0
610,2.75,2.58,1.78,1.8,12,2.86,2.92,7.77,4,25,3.5,0
611,1.71,1.52,1.19,1.23,10.39,2.76,3.05,15.58,2.49,62.32,4.31,1
612,0.84,0.6,0.46,0.84,8.41,1.76,1.8,14.17,6.01,74.47,2.76,0
613,1.54,2.23,1.39,1.68,12,1.43,2.77,7.24,1,34,2.5,0
614,1.04,0.73,0.52,0.52,3.9,1.09,1.04,5.3,1.51,41.55,3.38,0
615,0.48,0.66,0.92,0.5,4.65,0.71,1.14,4.65,0.42,10.56,0.48,0
616,1,1.06,1.04,0.35,4.15,0.93,1.75,5.71,1.25,31.16,8.49,0
617,3.27,1.31,1.58,1.15,15,2.14,2.5,7,1.5,35,6.25,0
618,0.97,0.87,1.01,0.76,6.23,0.76,1.45,5.4,1.61,43.63,1.87,0
619,1.52,1.4,1.28,1.4,9.61,2.1,2.38,14.02,3.6,60.06,3.6,0
620,1.18,0.9,1.47,0.34,16.83,1.53,3.16,4.49,0.98,21.07,0.98,0
621,1.2,1.2,0.9,2.1,7.21,2.4,3.3,15.28,3.6,65.28,3.6,0
622,1.1,1.09,1.11,0.38,3.12,1.39,1.66,5.3,2.08,31.16,3.64,1
623,0.86,1.19,0.85,0.34,2.3,0.67,1.04,4.86,0.89,24.29,1.53,1
624,0.96,1.14,1.09,0.77,4.15,0.93,1.76,5.19,1.04,20.77,3.12,1
625,1.56,2.08,1.21,0.69,6.23,2.86,3.64,10.96,1.14,41.55,2.29,0
626,0.96,0.9,1.04,0.67,6.75,0.97,1.56,4.15,0.83,20.77,2.08,1
627,1.36,1.45,2.43,1.24,10.2,2.23,2.45,10.2,1.75,72.83,4.37,1
628,1.27,1.08,0.84,1.5,8.41,2.09,2.44,13.21,3.96,96.09,3.84,0
629,1.44,1.14,0.85,1.14,8.41,1.74,3.08,16.82,4.8,72.07,4.08,0
630,1.4,1.63,1.4,1.61,7.68,1.52,2.37,7.68,3.35,69.83,5.59,0
631,1.85,2.29,1.02,1.34,9.95,1.55,2.69,2.91,0.42,18.16,3.11,1
632,1,1.05,1.94,1.64,9.05,2.06,1.65,6.57,3.67,52.39,4.29,1
633,1.74,2.34,1.09,0.65,7.27,1.38,3.01,10.39,1.56,37.39,3.12,0
634,2.84,2.66,2.2,1.54,13,1.93,2.31,10,2.5,70,3,0
635,1.56,1.15,1.02,1.4,5.73,2,2.46,4.58,1.15,44.56,1.37,0
636,0.31,0.53,0.49,0.49,3.27,0.83,0.85,2.74,0.8,21.24,1.06,0
637,1.74,3.25,1.17,0.46,7.27,2.49,2.08,10.39,1.56,40.25,3.12,1
638,0.98,0.88,0.87,1.01,6.88,1.2,1.56,4.68,1.65,41.27,3.44,1
639,0.78,0.5,0.46,0.46,4.87,0.65,0.98,3.32,0.8,29.64,1.77,0
640,1.35,1.09,0.88,0.66,5.3,1.7,1.87,4,1.04,28.04,3.32,0
641,2.24,1.91,2.52,0.94,10.56,2.33,3.96,20.5,1.86,21.75,2.49,1
642,1.05,1.43,1.91,1.43,9.76,1.33,1.38,6.38,2.43,66.68,4.76,0
643,0.49,0.48,0.64,0.56,5.28,0.86,0.93,4.23,0.53,21.66,0.53,0
644,0.86,1.3,1.45,1.32,11.43,2.32,2.98,9.09,3.95,62.32,8.31,0
645,1.56,0.92,0.99,0.65,5.19,1.2,1.55,8.31,2.44,54.01,2.76,0
646,0.6,0.48,0.53,0.51,4.51,0.64,1.06,3.13,0.8,21.24,0.58,0
647,1.5,1.49,0.84,1.8,5.41,2.4,2.4,9.61,6.61,60.06,3.6,0
648,0.48,0.66,0.56,0.49,5.28,0.71,1.14,4.44,0.42,19.02,0.53,0
649,0.39,0.36,0.27,0.22,4.63,0.66,0.9,2.16,0.28,6.8,0.17,0
650,0.45,0.32,0.67,0.27,6.44,1.5,1.95,1.61,0.43,18.22,0.54,1
651,0.34,0.3,0.8,0.24,6.44,2.15,1.45,1.66,0.34,8.05,1.61,0
652,0.62,0.31,0.31,0.23,3.09,0.67,0.74,1.85,0.62,9.27,0.15,0
653,0.85,0.8,1.06,0.53,5.31,0.88,1.31,3,0.58,15.93,0.67,0
654,5.14,4.11,2,2.22,15.87,1.79,4.83,9.12,2.3,57,4.25,0
655,1.39,1.41,1.05,0.95,10.51,2.11,3.45,14.65,2.1,191.59,4.56,1
656,4.79,4.41,2.5,1.99,10.98,1.71,2.93,14,2.25,88,2,0
657,0.76,1.33,1.66,1.38,10.39,3.29,3.46,9.5,3.32,56.09,5.14,0
658,0.85,0.8,1.06,0.57,5.31,0.88,1.31,3,2.65,26.55,0.53,0
659,0.35,0.4,0.44,0.46,5.31,0.66,1.19,3.1,0.46,8.85,0.97,0
660,1.5,1.31,0.82,0.87,9.01,1.73,2.27,14.41,2.88,81.98,3,0
661,1.71,1.1,0.92,1.4,6.22,1.25,1.9,8.52,3.22,364.58,5.19,0
662,1.17,1.15,2.04,1.46,13.11,2.61,2.82,10.2,1.75,62.05,3.35,0
663,0.62,0.44,0.44,0.44,3.1,1,1,3.36,1.06,26.55,0.44,0
664,0.52,0.55,0.66,0.22,2.56,0.59,0.86,4.96,0.69,17.39,1.15,0
665,2.2,2.2,2,2,15,4.29,3.83,6.94,2,99,4,0
666,0.51,0.46,0.69,0.89,3.56,1.02,2.04,3.06,0.81,35.09,1.25,0
667,2.2,2.2,1,1.5,12,4.29,3,10.25,3,220,4.38,0
668,0.52,1.06,1.84,0.9,8.05,1.46,1.93,4.31,0.93,35.32,1.25,1
669,0.78,0.85,0.72,0.57,6.66,2.15,2.66,3.86,0.27,22.2,0.67,0
670,0.49,0.38,0.56,0.16,5.53,1.28,1.56,1.53,0.77,8.18,1.34,0
671,0.48,0.22,0.45,0.25,5.06,1.81,1.81,1.81,0.22,10.83,0.72,0
672,0.83,1.4,0.83,1.3,12.46,1.95,2.42,8.31,3.22,36.35,8.31,0
673,6,5,5.72,2.25,10,2,2,20,1.25,12.5,2.5,0
674,0.67,0.67,0.67,0.44,4,0.89,1.11,4.44,0.71,17.77,1.33,0
675,3.6,1.2,0.93,1.02,10.81,2.7,2.4,12.76,6.01,36.04,3.6,0
676,0.67,0.8,0.8,0.54,6.69,0.8,3.21,1.47,0.54,13.38,0.94,0
677,1.26,1.48,1.98,1.93,15.58,3.45,3.9,10.39,3.64,56.09,7.17,0
678,2.08,1.14,0.73,1.4,7.81,2.63,2.22,12.61,5.41,120.12,3.6,0
679,0.7,1,0.62,0.73,9.01,1.73,2.27,14.41,2.52,88.78,3.6,0
680,8.8,6.59,1.02,1.86,15,1.71,3.33,9,1.25,42.5,4,0
681,0.96,0.48,0.86,0.98,7.21,2.36,2.94,13.21,2.64,70.07,3.6,0
682,0.83,0.66,0.68,0.57,5.31,0.77,1.29,3,0.53,18.58,1.01,0
683,0.84,0.83,0.72,0.91,8.31,2.02,3.06,4.78,1.25,36.35,3.84,1
684,0.52,0.23,0.66,0.23,6.44,1.45,2.16,1.48,0.32,10.73,0.8,1
685,0.84,0.6,0.77,0.28,2.81,0.82,0.98,4.6,0.89,17.9,1.79,0
686,0.45,0.35,0.48,0.38,4.14,1.56,1.54,1.53,0.27,6.44,0.64,1
687,1.3,1.24,1.35,0.78,5.19,1.31,1.27,5.25,2.41,41.55,4.57,1
688,2.14,2.73,1.87,1.49,14.5,2.61,1.85,12.72,1.75,72.5,3.5,0
689,0.99,1.1,1,1.93,5,2.73,2.79,9,2.55,75,3.8,0
690,0.6,0.78,0.8,1.06,7.21,1.8,1.7,12.01,3,75.07,3.36,0
691,0.49,0.48,0.51,0.56,4.75,0.86,0.93,4.23,0.58,15.85,0.46,0
692,0.3,0.24,0.35,0.19,5.36,1.25,1.45,1.8,0.24,8.05,0.32,0
693,0.82,1.06,0.96,0.27,2.56,0.69,0.85,4.09,1,17.77,3.84,1
694,0.84,0.79,0.56,0.53,8.43,1.69,1.97,3.09,0.56,28.54,0.74,0
695,0.55,0.46,0.38,0.39,3.1,0.52,0.9,3.36,0.53,28.32,0.84,0
696,0.58,0.68,0.52,0.56,4.23,0.83,0.63,2.96,0.53,12.68,0.53,0
697,0.69,0.73,1.54,1.09,12.46,2.64,2.6,9.14,3.74,54.01,6.18,0
698,0.83,1.4,1.72,1.04,10.39,1.73,2.29,9.35,3.12,33.76,8.31,0
699,1.47,1.21,0.97,1.05,10.39,2.51,2.78,15.48,2.08,69.25,4.62,1
700,1.28,1.1,0.73,1.09,7.27,1.53,2.66,5.71,2.08,41.55,5.45,1
701,0.85,1.69,0.85,1.37,4.23,1.06,1.06,5.07,0.42,8.45,0.74,0
702,1.12,1.1,1.52,1.59,8.57,1.62,1.59,6.48,2.86,51.44,7.14,0
703,1.2,1.83,1.07,1.6,9.3,2.12,2.4,14.41,4.2,312.91,3.36,0
704,1.41,1.07,1.43,0.5,4.22,1.33,1.33,4.44,0.89,22.22,2,0
705,0.69,0.6,0.48,0.25,2.56,0.77,0.89,3.84,0.86,18.97,1.92,0
706,0.44,0.35,0.44,0.66,4.42,1.33,1.47,3.36,0.58,17.7,1.32,0
707,1.83,1.26,0.7,0.82,15.45,1.65,1.83,3.37,0.62,28.09,0.98,0
708,1.36,1.25,1.76,1.54,13.11,2.64,3.53,10.49,1.75,72.83,4.28,0
709,1.27,1.15,0.51,1.1,5.09,1.53,1.78,3.56,0.89,36.92,1.29,0
710,1.12,1.14,0.62,1.11,9.61,2.16,1.8,14.17,2.7,102.88,3.12,0
711,5.14,5.88,3.12,1.77,15,2.86,4,10,2.5,90,3,0
712,0.59,0.44,0.59,0.53,1.76,0.82,1.18,2.94,0.18,17.65,0.59,0
713,0.86,0.63,0.44,0.44,3.1,1,1,3.36,0.87,28.32,0.88,0
714,3.01,2.3,1.79,1.07,9.99,2,1.82,9,5,30,3.2,0
715,0.92,0.73,0.63,0.89,6.23,1.88,2.67,4.67,2.29,51.93,3.9,1
716,0.65,0.56,0.81,0.27,1.92,0.61,0.87,4.86,0.79,15.02,1.92,1
717,1.02,1.52,1.11,0.25,3.58,0.74,0.82,5.63,0.77,17.9,1.28,0
718,5.89,4.18,1.49,3,11,4.29,2,5.25,1,20,1.25,0
719,0.57,0.64,0.96,0.84,5.5,1.15,1.38,4.54,1.38,30.26,2.75,0
720,0.24,0.18,0.27,0.31,9.18,1.92,3.55,2.2,0.37,9.79,0.28,0
721,0.48,0.46,0.42,0.46,4.23,0.63,1.32,4.65,0.42,12.68,0.63,0
722,2.38,1.97,1.56,1,20,2.03,3.12,4,1.5,20,3.98,1
723,0.46,0.37,0.51,0.24,6.17,1.53,2.15,1.5,0.38,15.02,0.48,0
724,0.51,0.26,0.61,0.29,5.36,1.44,1.97,1.56,0.48,24.14,0.63,1
725,0.86,0.89,1.04,0.77,3.64,0.78,0.87,4.26,0.83,15.58,3.12,0
726,1.04,0.99,1.14,0.49,4.15,1.26,2.04,5.19,1.45,31.16,3.64,0
727,0.56,0.56,0.74,0.51,5.28,0.69,1.2,3.91,0.42,16.9,0.53,0
728,1.62,1.02,0.72,0.78,9.61,2.1,2.4,12.61,2.4,67.89,3.84,0
729,1.15,1.22,0.78,0.52,3.12,1.25,2.04,5.51,0.99,25.97,3.64,0
730,0.5,0.63,0.46,0.56,5.28,0.91,1.2,4.54,0.53,14.79,0.63,0
731,1.28,1.5,1.26,0.38,5.19,1.14,1.52,6.23,2.08,51.93,4.99,0
732,1.76,2.66,1.21,0.2,7.27,1.82,2.83,9.87,2.08,76.76,2.6,0
733,1.26,0.76,2.13,1.42,8.57,1.76,1.88,6.48,2.52,42.87,4.57,0
734,1.08,1.24,1,0.8,9.01,2.68,3.4,15.01,3.3,72.07,2.64,0
735,2.16,1.56,0.93,0.87,4.15,0.88,1.27,5.09,2.18,72.71,3.79,0
736,2.84,2.9,1.39,1.99,11,2.14,1.6,10,1.5,45,2.45,0
737,0.96,0.96,0.96,0.62,8.1,1.69,1.94,7.2,0.9,37.92,0.68,0
738,2.11,1.64,2.28,1.83,13.77,3.18,4.27,14.58,4.02,44.24,10.05,0
739,1.19,1.24,2.9,1.19,21.35,1.21,1.97,7.79,3.43,58.17,6.13,0
740,0.84,0.79,0.56,0.43,8.43,1.59,1.69,3.09,1.18,42.14,0.98,0
741,2.05,1.8,0.82,1.98,12.71,1.75,2.37,3.77,0.98,70.51,1.07,1
742,2.79,2.57,1.83,2.7,12,4.29,5.5,13.5,2.38,87.5,4.8,0
743,1.19,0.91,0.75,0.48,16.86,1.55,2.53,2.74,0.42,7.02,1.12,0
744,0.82,0.68,0.65,0.76,4.4,0.91,1.45,2.73,0.26,14.98,2.64,0
745,0.63,0.66,0.7,0.49,5.17,0.73,1.03,3.03,0.71,41.35,1.03,0
746,1.62,1.89,2.19,1.07,11.17,1.35,2.79,7.68,3.35,55.87,10.89,1
747,1.72,1.44,1.44,1.5,10.5,3,2.25,9.5,2.12,210,5,0
748,2.11,2.56,1.94,2.58,12.57,3.28,3.89,14.68,5.03,80.43,5.03,0
749,1.35,1.56,1.04,1.3,7.27,1.7,3.12,5.19,1.25,21.81,3.64,0
750,2.08,3.01,1.3,1.25,11.43,1.04,1.56,10.39,1.97,78.11,2.21,0
751,0.9,0.78,0.98,0.31,3.84,0.69,1.03,4.6,0.86,12.78,1.53,0
752,1.04,1.21,1.04,0.87,5.19,1.07,1.87,4.99,1.77,41.55,2.91,0
753,0.31,0.42,0.52,1.25,7.27,1.14,1.03,4.34,0.78,25.45,0.49,0
754,0.84,0.62,1.37,0.74,7.27,1.3,1.69,4.36,0.73,35.11,2.08,0
755,1.04,1.04,1.04,0.29,3.12,0.8,0.83,5.61,0.62,25.97,2.6,0
756,1,0.95,1.71,1.71,7.62,1.43,1.91,6.19,2.76,75.26,7.14,0
757,0.96,0.96,0.9,0.62,9,1.71,2.59,8.1,0.9,13.5,0.68,0
758,1.09,1.2,0.96,1.28,8.41,2.06,2.7,13.81,6.01,114.11,3.84,0
759,2.13,1.35,1.04,1.37,12.98,2.32,2.6,15.58,2.6,68.03,4.05,1
760,1.1,0.81,0.92,1.06,8.41,1.91,2.28,15.07,3.12,99.7,3.6,0
761,3.65,1.66,3.52,1.55,11.18,2.8,3.31,22.99,2.64,68.21,3.42,0
762,1.16,1.25,1.46,1.54,10.2,2.64,3.53,9.03,1.75,62.48,3.5,0
763,0.68,0.73,0.52,0.83,4.15,1.09,2.08,5.19,2.13,41.55,4.47,0
764,1.95,1.95,0.97,0.71,9.73,1.47,2.27,8.43,1.3,0,0.81,0
765,1.86,1.53,2.17,0.93,9.32,2.8,3.73,23.3,1.24,62.13,1.68,0
766,0.82,1.43,1.76,1.2,12.46,2.7,3.16,9.4,3.64,62.32,6.13,0
767,0.95,0.8,0.73,0.29,2.56,0.76,0.98,5.11,0.89,15.34,1.79,0
768,1.54,1.35,1.94,0.73,11.94,1.75,2.18,9.76,1.72,58.11,2.33,0
769,1.84,1.96,1,1.2,7,1,1.25,5.9,0.25,30.43,1,0
770,0.95,0.76,1.52,0.95,6.67,2.38,2.43,6,3.05,76.21,2.38,0
771,1.54,1.19,1,1.06,9.61,2.12,2.62,14.41,3,47,3.36,0
772,0.77,0.86,1.02,0.24,2.68,0.66,0.77,4.88,0.64,19.02,2.05,0
773,1.56,1.35,2.6,1.19,5.19,4.15,3.12,10.39,2.34,78.11,8.31,0
774,0.72,0.38,0.48,0.34,6.37,0.56,1.59,2.65,0.69,7.96,0.53,0
775,0.49,0.46,0.51,0.22,3.61,1.44,0.9,1.73,0.32,21.67,0.72,0
776,0.5,0.39,0.48,0.24,2.68,1.48,1.07,1.5,0.27,9.66,0.8,0
777,0.57,0.54,0.22,0.27,5.15,0.84,1.49,2.71,0.54,2.44,0.22,0
778,0.51,0.73,0.76,0.34,4.15,1.1,1.32,4.67,1.3,37.91,3.12,0
779,1.56,1.4,1.61,1.75,10.39,2.85,3.38,14.75,2.6,51.93,4.57,0
780,1.52,1.38,1.67,1.24,9.05,1.71,2.14,6.62,2.76,76.21,4.29,0
781,1.32,1.74,0.84,1.38,7.21,2.4,4.2,13.66,6.01,70.27,4.2,0
782,0.71,0.66,0.98,1.1,4.81,1.24,1.65,4.68,1.86,48.15,3.44,1
783,0.48,0.6,0.52,0.36,4.8,1.07,1.79,14.17,2.4,60.06,3.84,0
784,2.46,3.28,2.02,1.23,15.85,2.9,4.09,8.98,3.7,71.86,6.55,1
785,0.49,0.48,0.42,0.46,5.28,0.75,0.93,4.01,0.95,13.73,0.53,0
786,0.55,0.54,0.86,0.43,5.51,0.84,2.45,4.9,0.37,12.85,0.92,0
787,0.73,0.75,0.53,0.49,3.78,0.82,1.74,2.08,1.56,41.55,4.55,0
788,0.47,0.26,0.29,0.44,5.88,1.18,1.76,2.35,0.18,5.88,1.18,0
789,1.04,1.04,1.04,0.26,6.75,1.66,2.08,10.02,1.35,35.32,2.6,0
790,0.72,0.69,1.11,0.91,6.75,1.53,2.18,5.19,2.08,20.77,3.12,0
791,0.62,0.98,1.38,0.88,4.41,1.2,2.41,4.67,1.25,20.77,2.6,1
792,2.86,2.95,2,1.8,15,2.5,3.17,8.75,3.29,85,3.5,0
793,2.36,2.51,2.36,1.41,15.08,2.84,4.35,14.07,3.62,50.27,9.05,1
794,1.2,1.2,0.54,0.48,6.61,1.2,1.2,14.41,4.8,69.72,2.4,0
795,1.61,1.56,1.56,0.38,7.27,2.5,4.15,5.82,0,0,8.31,0
796,1.11,0.93,0.99,0.52,5.19,1.13,1.69,4.47,1.14,31.16,1.14,1
797,0.73,0.75,0.53,0.71,6.47,1.06,1.74,5.14,1.56,41.55,9.35,1
798,3.12,2.42,3.14,1.02,13.74,1.78,2.11,8.98,3.38,76.09,7.66,0
799,1,1.13,1.98,1.54,9.53,1.24,2.16,5.72,3.05,50.44,5.62,0
800,1.96,1.35,0.96,1.26,5.41,2.28,2.52,13.21,2.1,81.99,3.84,0
801,4.33,3.06,1.82,2.4,15,3.57,3.5,8,6,59,4.38,0
802,1.58,1.22,0.8,0.98,7.21,1.02,1.92,14.41,3.9,54.05,3.84,0
803,0.32,0.27,0.16,0.16,3.76,1.34,1.94,1.34,0.24,6.44,0.54,0
804,2.17,1.66,2.38,1.46,9.32,2.57,3.26,22.06,1.24,80.77,3.11,0
805,0.87,0.84,0.45,0.18,2.08,0.75,0.82,5.71,1.14,51.93,5.19,0
806,1.68,1.65,0.78,1.2,9.61,1.2,1.5,10.21,5.53,139.82,3,0
807,0.63,0.64,0.7,0.48,4.78,0.73,2.12,3.03,0.53,26.55,1.06,0
808,0.66,1.21,1.25,1.6,8,2.4,2.27,6.75,2,50,2.75,0
809,1.14,1.19,1,1.29,11.91,2.62,2.86,5.81,2.86,43.34,4.76,0
810,0.73,0.51,1.11,0.81,6.23,1.14,1.45,4.1,0.78,32.72,2.08,0
811,1.87,2.21,1.2,1.3,8.31,1.71,2.33,6.23,2.08,31.16,6.75,0
812,0.46,0.64,0.62,0.96,4.13,1.56,1.97,4.4,1.72,34.39,1.38,0
813,0.71,0.54,0.51,0.54,8.15,0.56,0.82,1.02,0.61,0,1.32,0
814,0.31,0.42,0.52,0.73,7.27,0.93,0.73,4.15,1.22,21.62,0.49,0
815,2.23,2.09,2.11,1.29,12.68,1.84,2.11,9.51,3.17,69.75,7.4,0
816,4.24,4.39,3.31,3.02,15,3.21,4.1,14,1.5,40,3.4,0
817,3.12,2.42,3.42,1.02,12.95,2.01,2.11,8.98,3.59,84.01,7.08,1
818,1.76,2.32,3.38,1.93,17.59,2.71,3.85,12.06,3.72,46.25,9.95,0
819,0.77,0.6,0.77,0.39,3.84,0.72,1.02,4.35,0.56,12.78,1.79,0
820,0.35,0.35,0.29,0.41,1.76,1,0.76,2.94,0.18,10.59,0.65,0
821,1.22,1.16,0.6,0.87,9.01,1.51,1.62,14.41,4.8,108.11,4.68,0
822,1.32,1.38,1.2,0.53,6.49,1.08,1.18,5.82,2.18,32.72,6.65,0
823,0.36,0.36,1.3,0.52,2.6,0.94,1.56,1.82,0.23,10.4,1.43,0
824,0.66,0.53,0.49,0.48,3.81,0.83,1.17,3.14,0.91,23.01,1.06,1
825,3.17,3.31,2.11,1.51,9.51,2.22,2.82,8.67,3.28,137.38,7.4,0
826,0.93,1.56,0.93,0.46,5.19,1.05,1.97,7.12,2.6,50.9,5.19,0
827,3.74,2.98,1.83,2.25,13,1.21,2.83,9.25,2.5,90,3.2,0
828,1.51,1.92,1.3,0.86,9.34,1.04,2.46,2.8,0.49,51.89,2.85,0
829,0.53,0.92,1.19,0.37,2.65,0.58,1.06,2.84,0.85,15.93,1.33,0
830,1.86,3.1,2.1,1.15,10.57,1.87,2.47,8.98,2.96,208.71,8.19,0
831,0.87,0.71,0.78,0.96,7.27,1.97,2.6,4.57,0.62,31.16,3.53,0
832,1,0.98,2.6,0.66,7.79,1.2,2.39,4.57,1.82,10.39,1.04,0
833,1.37,2.34,1.3,0.62,10.39,2.47,3.05,10.39,1.25,41.55,5.19,0
834,0.62,0.98,0.62,0.83,4.41,0.83,1.04,4.36,0,0,1.04,0
835,1.78,1.8,1.49,1.1,7.27,1.94,2.64,6.02,2.08,27.01,5.19,1
836,2.25,1.04,0.92,1.13,10.38,2.29,3.64,15.06,2.6,51.93,5.09,0
837,1.55,1.73,0.77,1.94,11.48,1.82,2.22,4,0.82,28.52,1.02,1
838,1.24,1.05,1.91,1.14,8.48,1.48,1.91,6.07,3.29,61.92,11.43,0
839,1.96,2.95,1.5,1.75,15,1.79,1.6,8.75,2,70,1.15,0
840,2.7,2.61,2.03,1.68,10.5,2.31,3.03,7,1.5,40,2.75,0
841,1.5,1.12,1.05,0.94,7.21,2.47,2.67,12.79,4.8,102.1,3.84,0
842,2.77,3.15,1.55,1.4,10.38,1.7,2.27,9.25,1,24,3.56,1
843,0.46,0.66,0.62,0.96,4.13,1.17,1.38,4.13,1.1,11.69,1.38,0
844,1.3,1.56,1.56,0.97,5.19,1.1,1.45,4.15,1.45,10.39,2.34,0
845,2.46,3.73,1.92,1.95,14,1.81,1.77,7.5,2.88,200,3,0
846,0.83,1.04,1.09,0.78,4.15,1.1,4.15,5.19,1.4,31.16,3.48,0
847,0.59,0.58,0.62,0.46,3.83,0.53,0.88,2.82,0.43,14.36,2.64,0
848,2.18,2.09,2.11,1.29,12.68,1.84,2.1,9.51,2.64,73.97,7.4,0
849,1.48,2.11,1.9,1.16,8.45,0.74,1.06,8.45,4.23,84.54,11.1,0
850,1.04,1.4,1.79,0.88,3.64,1,2.65,5.95,1.56,26.49,5.19,0
851,1.68,1.07,0.83,1.56,10.39,2.69,2.03,14.13,5.4,145.42,3.32,0
852,0.46,0.38,0.6,0.19,4.56,1.45,1.66,1.61,0.43,25.75,1.07,1
853,2.86,5.82,3,2.75,20,4.29,4.75,13,5.5,50,4.75,1
854,0.52,0.52,1.11,0.62,5.19,1.04,1.04,4.1,1.04,22.17,2.08,0
855,1.68,1.02,0.6,0.9,9.61,1.8,1.5,14.41,2.04,45.64,3.24,0
856,1.56,1.73,1.21,0.29,4.15,1.73,2.58,5.97,1.56,33.76,4.52,1
857,0.87,1.04,0.88,1.05,7.79,2.08,2.6,15.58,2.08,90.32,4.15,0
858,1.35,1.31,1.26,1.73,10.39,2.11,2.74,14.8,3.38,135.48,4.57,1
859,1.72,1.72,1.49,1.99,22,3.57,4,8,5,50,6,0
860,0.32,0.21,0.45,0.19,4.56,1.46,1.13,1.45,0.38,0,0.72,0
861,1.87,1.87,1.69,1.75,15,2.14,2.4,13,13,300,3,0
862,0.37,0.38,0.65,0.19,2.68,1.53,1.48,1.58,0.32,10.73,0.47,0
863,0.53,0.44,0.44,0.44,5.31,0.62,1.06,3.1,0.8,22.12,1.06,0
864,0.83,2.6,1.04,0.52,7.27,1.3,1.09,5.92,1.17,31.16,2.6,0
865,0.53,0.41,0.65,0.41,2.94,1,2.24,4.12,0.18,10.23,0.59,0
866,1.66,0.97,1.38,0.74,13.23,1.89,2.21,3.37,0.39,47.21,2.46,0
867,1.74,1.27,0.69,1.31,11.42,1.92,1.66,14.13,2.13,31.16,3.95,0
868,0.8,0.94,0.6,0.75,4.78,0.86,1.26,3.08,0.31,17.53,4.4,0
869,0.61,0.56,0.75,0.65,5.19,0.81,1.45,5.19,1.04,23.37,1.04,1
870,1.27,1.37,2.64,1.02,11.62,2.33,2.11,9.51,2.85,63.41,6.66,0
871,2.72,2.2,1.79,2.5,13.99,2,1.75,10,1.75,100,4,0
872,0.51,0.64,1.06,0.7,6.23,1.14,1.35,4.15,0.62,18.7,0.49,0
873,2.86,3.31,3,1.94,13,2.14,2.77,5,1.5,55,7,0
874,1.11,0.93,0.99,0.52,5.19,1.36,1.78,4.47,1.56,25.97,1.14,0
875,2.77,1.74,1.72,0.6,5.65,1.14,1.45,5.71,1.82,19.74,6.23,0
876,0.5,0.44,0.65,0.24,6.44,1.23,1.23,1.5,0.32,21.46,0.54,0
877,1.9,2.18,1,1.91,12,1.79,2,8,5,120,2.75,0
878,1.96,3.48,1.61,1.75,10,4.29,1.6,9.1,2.3,135.5,1.15,0
879,1.17,1.04,1.04,0.73,10.39,1.6,1.14,4.93,0,0,1.04,0
880,1.49,1.61,1.74,0.99,12.43,1.74,2.49,3.23,2.49,14.9,3.48,0
881,1,0.92,0.78,0.69,6.22,1.23,1.6,8.52,3.12,72.71,8.31,1
882,2.77,1.74,1.72,0.6,6.23,1.47,2.16,5.71,1.82,27.01,6.23,0
883,1.49,1.5,2.87,1.39,12.43,1.74,2.49,3.23,1.49,45.3,2.49,0
884,0.48,0.55,1.66,0.52,7.27,1.14,1.03,4.34,0.52,15.58,0.68,0
885,3.23,2.85,1.74,1.47,6.99,2.86,2.33,6.75,0,35,4.5,0
886,1.01,1.29,1.29,0.57,10.39,1.04,1.04,5.19,0.73,16.62,2.29,0
887,1.1,0.99,0.81,1.16,8.41,1.41,1.38,16.82,2.04,144.14,3.12,1
888,1.65,2.13,1.89,2.16,14,2.26,2.12,6.85,1.25,32.5,2.5,0
889,0.53,0.35,0.35,0.44,5.73,0.66,0.88,2.64,0,0,0.88,0
890,0.38,0.29,0.5,0.18,4.69,1.61,1.58,1.45,0.3,19.98,0.32,0
891,0.48,0.52,1.51,0.78,7.27,1.14,1.03,4.34,1.24,36.09,0.68,0
892,2.77,0.93,1.72,0.6,4.67,1.47,2.16,5.71,2.08,25.97,4.15,0
893,3.92,3.27,2.59,3,14.99,1.43,3,8,2,69.57,2.5,0
894,0.71,1.97,1.69,0.55,5.97,1.26,2.25,5.82,1.56,27.01,4.67,0
895,1.95,1.95,0.97,0.71,9.73,1.47,2.27,8.43,1.17,23.34,0.94,0
896,2.39,3.12,2.08,1.14,5.19,2.16,1.66,6.23,1.56,27.01,5.19,0
897,2.07,2.07,1.03,0.52,3.12,0.83,0.83,10.39,2.6,25.97,5.19,0
898,2.81,2.77,1.4,0.75,10.65,2.3,3.64,5.95,1.56,27.01,4.67,0
899,2.82,3.18,2.08,1.04,10.39,1.91,2.97,6.23,2.08,33.76,5.19,1
900,1.11,0.93,1.71,0.66,6.75,1.13,1.69,4.15,1.35,41.55,1.04,0
901,1.25,1.12,0.83,0.62,5.19,1.04,1.35,4.62,0,0,1.04,0
902,1.17,1.04,1.04,0.73,10.39,1.6,1.14,4.93,0,0,1.19,0
903,1,1.12,1.3,0.66,6.23,1.36,1.78,4.57,1.56,83.1,1.04,0
904,1.25,1.9,0.87,0.61,4.15,1.37,1.96,5.71,1.14,51.93,7.27,0
905,0.31,0.31,0.37,0.31,4.9,1.84,3.06,3.98,0.12,7.35,1.22,0
906,2.82,3.18,2.08,1.04,10.39,1.91,2.97,6.23,1.56,27.01,5.19,0
907,0.21,0.54,1.63,1.04,5.71,1.25,3.12,4.99,0,0,2.6,0
908,0.27,0.35,0.44,0.49,3.32,0.47,1.06,3.19,0.88,26.55,1.42,0
909,0.6,1.02,0.56,1.8,18.02,1.72,1.8,5.41,4.02,104.45,4.2,0
910,0.62,0.98,1.38,0.74,4.41,1.2,1.92,4.67,2.08,45.7,2.03,0
911,3.17,4.72,3.49,2.74,15,4.29,4.5,11,7,225,3,0
912,0.38,0.76,1.04,0.73,10.39,1.6,1.14,4.93,1.25,0,3.06,0
913,1.11,0.93,0.99,0.52,5.19,1.13,1.69,4.47,0.52,20.77,1.14,0
914,2.94,2.42,1.83,1.57,7.5,2.86,3.67,7,1.25,30,3.55,0
915,0.82,1.94,1.57,1.5,12,1.43,1.41,7.75,3,120,3,0
916,1.61,1.56,1.56,0.38,7.27,1.25,1.04,5.82,0,0,8.31,0
917,3.31,2.16,2.49,2,15,4.29,5,8,2.5,96,2.75,0
918,1.52,1.65,1.67,1.38,12,4.29,3.75,8,5,125,4,0
919,2,2.2,2.04,1,15.85,2.05,2.11,9.51,4.45,67.74,1.69,0
920,1.56,1.56,1.5,0.38,7.27,1.66,2.06,5.61,0,0,4.93,0
921,2.77,1.74,1.72,0.6,6.23,1.47,2.16,5.71,2.08,27.01,6.23,0
922,2.77,1.74,1.72,0.6,6.23,1.47,2.16,5.71,1.39,20.77,6.23,0
923,1.04,1.04,1.04,1.04,6.23,1.56,2.08,5.19,2.08,27.01,6.75,0
924,1.71,1.47,1.52,1.18,14.72,1.4,2.21,4.56,0.88,47.11,1.03,0
925,0.42,0.86,0.98,0.45,5.87,0.81,1.22,1.32,0,0,0.29,0
926,2,2.2,2.04,1,15.85,2.05,2.11,9.51,5.1,105.36,1.69,0
927,2.08,1.3,0.78,1.04,8.31,1.04,1.3,6.23,2.08,25.97,5.19,0
928,0.62,1.14,1.25,0.31,3.12,0.83,1.04,4.36,1.25,20.77,1.04,0
929,1.68,1.07,1.01,1.47,8.31,2.4,2.66,14.28,3.12,62.32,4.15,0
930,0.74,0.81,0.89,0.87,6.19,1.3,1.58,4.75,1.38,24.76,3.44,0
931,1.32,1.56,1.3,0.83,5.19,1.45,2.12,6.23,2.08,13.55,20.77,0
932,0.8,0.44,0.13,0.52,4.06,0.66,1.24,2.83,0.53,70.79,1.59,0
933,0.53,0.44,0.35,0.47,3.54,0.62,0.71,3.67,2.65,57.52,1.24,0
934,0.35,0.35,0.13,0.31,4.42,0.44,1.16,3.19,1.06,28.32,1.24,0
935,1.03,1.09,1.26,1.04,5.86,1.62,1.08,2.84,2.93,22.54,1.38,0
936,0.61,0.56,0.75,0.65,6.57,0.81,1.97,3.74,1.71,28.56,1.17,0
937,0.71,0.47,0.75,0.46,3.1,0.58,0.86,3.54,1.77,44.24,2.65,0
938,1.3,1.56,1.5,0.42,7.27,1.66,2.06,5.61,0,0,2.7,0
939,1.95,1.47,1.47,1.18,23.56,1.97,2.65,4.42,1.84,128.03,0.88,0
940,0.42,0.38,0.72,0.49,1.56,0.66,0.76,2.34,0.21,4.16,0.78,0
941,0.61,0.56,0.75,0.65,2.8,0.81,1.45,5.19,1.77,36.35,1.04,0
942,2.1,2.79,2.79,2.19,12.57,2.89,2.89,9.08,0,0,9.78,0
943,0.96,1.14,0.83,0.45,5.19,1.2,1.74,6.08,1.48,33.24,6.23,1
944,0.52,0.78,0.8,0.44,4.44,0.71,0.89,3.55,0.8,22.22,1.56,0
945,0.72,0.63,0.74,0.31,4.44,0.71,0.99,3.55,0.63,11.11,1.56,0
946,0.46,0.66,0.42,0.39,3.6,0.96,1.23,1.8,0.15,9,1.42,0
947,1.35,1.87,0.42,0.74,14.54,1.42,3.46,5.82,1.82,37.39,3.38,0
948,1.96,2.05,1.66,2.79,6.71,4.44,4.81,24.65,3.35,43.74,2.41,1
949,2.41,2.68,2,1.58,15,2.26,2.7,8,5,50,2.5,0
950,1.71,2.53,1.83,1,16.5,2.67,3.33,9,2.62,100,3,0
951,1.73,1.4,0.53,0.62,2,1.73,1.6,7.98,1.06,133.05,3.99,0
952,0.88,0.92,0.61,0.2,5.97,0.74,1.56,7.27,2.6,42.43,3.01,0
953,1.06,1.44,0.91,0.93,6.01,1.49,1.42,12.01,4.2,83.56,2.76,0
954,1.02,0.75,0.7,0.5,8.39,1.1,2.32,2.24,0.92,25.62,0.76,0
955,1.7,1.52,2.05,1.99,11.91,2.15,3.27,12.51,2.23,111.68,2.61,0
956,1.03,0.92,0.97,0.32,4.1,0.62,1.19,7.27,2.8,62.32,4.99,0
957,1.54,1.53,1.56,0.62,7.27,1.12,2.13,6.23,1.35,31.16,3.12,0
958,0.29,0.36,0.21,0.28,1.89,1.42,3.12,0.8,0.18,13.37,0.78,0
959,1.17,1.82,1.17,0.25,4.15,1.48,2.21,5.82,1.04,36.35,4.67,1
960,1.45,1.37,0.88,0.31,5.97,1.56,3.38,5.82,1.3,46.74,5.06,0
961,1,1.09,1.06,0.55,4.15,0.91,2.34,5.71,1.25,18.7,7.27,0
962,1.44,1.4,0.83,0.2,4.15,1.04,2.67,6.02,1.56,41.55,5.19,0
963,4.41,0.97,1.61,2,15,1.43,2,6,0,106.52,3,0
964,1.19,1.04,1.94,1.07,11.65,2.4,2.91,9.9,1.46,51.27,5.1,1
965,2.46,1.99,0.83,1.11,9.61,2.51,2.4,12.01,2.88,59.59,3.84,1
966,1.58,1.75,1.56,0.44,5.19,1.75,2.49,6.23,1.56,36.35,4.36,0
967,1.99,1.64,1.03,0.97,6.23,1.74,1.9,10.39,1.56,46.74,2.08,0
968,1.92,2.08,1.99,1.86,11,2.75,2.69,8,0,0,2,1
969,2.19,4.1,2.83,2.12,11.17,2.61,3.78,12.1,2.33,57.33,2.72,1
970,1.48,1.43,1.09,1.64,6.23,0.96,2.09,5.19,1.92,45.16,7.27,0
971,2.61,2.23,1.49,1.49,14.89,2.98,5.21,10.05,2.42,87.11,2.33,0
972,1.43,0.98,0.84,0.3,5.19,0.87,1.63,7.27,2.49,54.53,3.43,0
973,1.04,0.92,0.62,0.42,4.67,0.55,1.04,6.75,2.7,57.13,3.01,0
974,0.77,1.83,1.49,1.99,12.99,2.56,2.95,11.25,2,30,4,0
975,2.83,2.92,2.54,1.68,13.4,3.1,3.54,13.4,2.14,48.39,2.66,1
976,1.73,1.38,0.78,0.69,6.23,1.14,2.13,8.31,4.15,37.39,3.38,0
977,2.08,2.22,1.42,0.37,8.31,1.48,2.42,5.92,1.56,33.24,4.75,1
978,0.77,0.92,1.03,0.21,4.41,0.52,0.52,7.53,2.29,51.93,3.64,0
979,1.79,2.22,1.42,0.68,8.31,1.52,2.42,5.92,1.56,41.55,4.75,0
980,1.08,0.93,0.8,0.62,6.22,1.24,1.76,8.31,3.9,103.87,3.9,1
981,1.24,1.79,2.17,1.67,10.48,1.55,1.68,6.67,3.43,104.79,5.72,0
982,1.21,0.92,1.14,0.5,4.67,0.61,1.49,7.27,2.65,77.9,3.12,0
983,1.93,1.65,1.93,1.25,7,4.29,3.5,11,1.75,20,3.65,0
984,0.7,0.85,0.53,0.53,6.36,0.86,1.01,3.18,1.06,26.49,1.06,0
985,1,0.92,0.78,0.8,5.19,1.19,1.48,7.79,3.51,77.9,5.71,0
986,1.71,2.79,1.9,1.4,11.17,2.31,4.09,11.35,2.61,59.56,3.46,1
987,1.3,1.14,1.21,0.5,5.19,1.04,1.56,5.71,1.14,31.16,2.6,0
988,1.19,1.3,0.8,0.45,4.15,0.78,1.54,5.27,1.09,20.77,3.9,0
989,2.46,2.65,2.25,1.52,12,2.66,3.81,7,2.12,30,3.25,1
990,1.04,1.25,1.14,0.61,5.45,0.52,1.35,7.12,2.13,50.9,2.44,0
991,1.2,1.43,0.96,0.58,6.23,1.47,1.91,5.66,1.56,38.43,7.27,1
992,1.38,1.56,1.02,1.04,5.71,1.56,2.08,5.19,1.56,67.52,2.49,0
993,2.23,2.25,2.35,1.89,14.15,2.56,3.53,11.54,2.23,98.28,2.79,1
994,6.08,5.68,1.53,2,14.5,,4.45,9.45,7,74,3.75,0
995,1.2,1.02,0.93,0.47,4.15,0.98,1.68,5.19,1.39,36.35,1.94,0
996,1.37,1.23,0.91,0.65,5.19,0.53,1.76,5.38,1.56,44.14,4,1
997,3.17,1.77,1.74,2.25,16,3.57,3.5,8,1.5,95,4.3,0
998,2.2,2.7,1.56,1.73,11.17,1.44,2.98,11.91,1.49,32.76,2.53,0
999,1.14,0.95,0.93,0.42,4.67,0.57,1.03,6.75,2.91,77.9,3.64,0
1000,1.5,1.66,0.88,0.56,5.63,1.01,1.92,5.27,1.95,67.47,4,0
1001,3.01,2.64,1.72,1.35,13.07,3.38,6.37,12.87,3.77,62.83,5.53,0
1002,1.5,1.32,0.65,1.07,7.81,2.37,2.86,12.61,3.12,36.04,3,0
1003,0.46,1.04,1.93,0.62,2.07,0.41,1.03,7.27,2.08,41.55,3.43,0
1004,2.47,2.23,1.71,2.23,14.89,2.35,1.82,11.17,2.16,81.9,2.94,0
1005,0.55,0.99,0.52,0.6,8.41,1.41,1.38,13.54,3.3,67.89,3.48,0
1006,2.09,2.2,1.26,1.94,10,3.33,3.4,8.5,1.5,30,4,0
1007,3.16,2.9,2.1,1.83,11.54,2.59,4.01,11.91,1.95,44.67,3.72,1
1008,3.21,3.17,2,1.89,16.5,2.54,2.49,10,2,55,4,0
1009,1.43,1.74,1.54,1.5,10,2.37,1.97,6,1.5,45,4.3,0
1010,0.98,0.69,0.65,0.41,8.17,1.91,2.86,2.04,0.61,16.33,1.43,0
1011,1.97,1.09,0.95,0.31,4.15,0.94,1,5.19,2.08,33.24,4.15,0
1012,2.28,2.38,1.54,1.77,12.99,2.5,2.72,6.23,0,0,4.38,0
1013,3.12,3.92,2.1,2.25,11.99,1.79,2.32,6,2,40,3.5,0
1014,1.66,1.37,0.52,0.83,6.49,1.66,1.87,7.79,3.22,27.35,4.15,0
1015,1.21,1.33,0.71,0.74,8.41,2.48,2.35,15.01,3,76.27,3.84,1
1016,2.12,2.3,1.58,2.26,11,4.27,2.99,8.12,1.25,40,2.5,0
1017,1.04,1.56,1,1.07,5.19,0.52,1.35,7.12,2.6,49.86,5.19,0
1018,1.21,0.92,1.14,0.5,4.67,0.61,1.49,7.27,2.39,47.78,3.12,0
1019,1.04,0.84,1.14,0.44,5.97,1.09,1.38,7.79,2.6,41.55,2.44,0
1020,3.67,4.59,2.5,2.83,15,3.21,3.5,8.75,3,45,6.25,0
1021,1.3,0.92,0.81,0.67,4.93,0.61,1.03,7.27,3.51,80.5,4.15,0
1022,1.08,1,2.07,2.26,7.28,1.97,2.91,10.2,1.89,87.39,4.22,0
1023,0.56,0.67,0.7,0.33,5.55,0.78,0.89,3.55,0.78,33.32,1.33,0
1024,0.47,0.37,0.32,0.47,5.16,1.75,2.1,3.07,0.47,12.1,0.65,0
1025,1.4,0.92,1.82,0.51,4.67,0.55,1.66,8.31,2.44,48.3,3.64,0
1026,1.48,2.06,1.57,2.62,12,2.86,2.33,8,1.25,25,3.19,0
1027,0.75,0.75,0.62,0.23,5.19,1.19,1.56,8.83,1.04,31.16,5.19,0
1028,3.31,3.31,2,1.12,13.5,2.84,4,11,1.5,90,2.5,0
1029,1.24,1.12,2.38,1.14,8.48,1.3,1.5,6.72,2.48,76.69,4.86,0
1030,3.97,3.29,2.73,2.6,14.15,2.98,2.98,13.31,1.86,44.67,2.64,1
1031,1.04,1.3,0.68,1.31,8.41,1.88,1.96,14.11,2.76,78.08,2.64,0
1032,2.45,2.13,1.57,1.25,9.62,2.86,2.75,9.69,1.25,40,4.83,0
1033,1.52,0.92,0.99,0.62,10.39,0.84,2.08,8.05,2.08,48.3,3.12,0
1034,1.65,1.03,2.37,1.66,11.17,3.15,2.48,8.19,2.23,54.13,3.35,1
1035,1.34,1.28,1.33,0.36,4.67,1.22,1.59,6.23,1.35,36.35,5.19,1
1036,1.54,2.14,1.56,2.03,12,1.43,2.25,6,1,25,2.88,0
1037,1,0.92,0.78,0.62,5.71,1.08,1.76,8.31,2.6,169.31,3.06,0
1038,0.88,0.88,0.83,0.66,3.9,0.64,1.27,5.19,2.08,20.77,2.34,0
1039,1.62,1.36,1.3,0.44,4.67,1.22,1.66,5.82,1.56,31.16,8.31,0
1040,2.39,2.13,1.57,1.5,11,2.23,2.76,9,2,58,2.5,0
1041,2.24,2.6,2.16,1.92,15,3.16,3.43,10,2.88,100,2.6,0
1042,2.84,2.59,2.7,1.58,10.05,2.15,3.66,10.42,2.23,56.96,3.42,1
1043,1.28,0.95,1.19,0.42,4.41,0.57,1.3,7.27,2.6,71.67,3.32,0
1044,2.68,1.51,2.01,1.68,7.04,3.35,3.13,30.85,1.74,53.65,4.69,0
1045,1.98,1.87,1.59,1,12,2.14,2,5.57,1,20,3,0
1046,0.31,0.31,0.31,0.31,1.54,0.62,0.77,2.01,0.15,4.63,0.15,0
1047,1.64,1.05,0.83,0.23,4.06,1.03,1.42,4.93,1.58,36.35,3.9,0