,x1,x2,x3,x4,x5,x6,x7,x8,class
0,4.9,22.04,4.28,1.84,3.67,1.78,0.48,0.19,1
1,5.59,40.51,5.59,1.12,4.19,3.96,0.52,0.32,1
2,2.54,22.25,3.5,2.02,3.18,2.19,0.59,0.27,1
3,3.54,27.4,3.54,1.24,1.9,2.91,0.93,0.51,1
4,7.16,52.77,6.03,3.02,4.52,3.86,1.46,0.78,1
5,2.6,28.09,5.62,2.25,4.21,2.06,0.5,0.26,1
6,2,14.69,3.67,2.2,3.67,1.6,0.36,0.15,1
7,4.05,27.94,4.89,0.84,1.68,3.41,0.44,0.32,1
8,3.67,18.36,3.67,2.45,4.28,2.49,0.46,0.19,1
9,4.19,30.73,5.59,1.4,4.05,4.55,0.51,0.43,1
10,7.22,43.31,5.47,3.25,3.61,3.19,1.17,0.78,1
11,3.38,45.06,6.76,1.13,1.8,3.4,0.39,0.26,1
12,2.23,11.14,3.56,2.12,2.67,1.39,0.29,0.18,1
13,1.87,11.24,4.68,5.62,4.92,1.89,0.27,0.15,1
14,7.45,37.27,6.52,2.24,3.35,1.51,1.08,0.75,1
15,7.22,43.31,5.05,4.3,5.05,3.42,1.21,0.82,1
16,13.1,65.5,6.55,4.09,4.09,3.42,1.3,0.74,1
17,4.19,27.94,4.89,1.12,3.91,4.14,0.47,0.33,1
18,7.78,39.95,6.75,2.59,4.1,2.75,1.03,0.75,1
19,4.07,20.36,4.07,1.63,2.55,1.76,0.26,0.15,1
20,25,100,10,8,10,5.38,2.72,2.32,1
21,5.36,24.14,4.29,2.68,3.22,1.84,0.88,0.31,1
22,6.4,25,5,1.79,2.4,1.75,1,0.81,1
23,3.06,18.36,4.28,2.11,3.67,2.01,0.46,0.18,1
24,4,29.19,4.96,0.88,1.94,1.49,0.88,0.76,1
25,2.79,24.3,4.96,1.12,2.79,3.61,0.41,0.29,1
26,2.2,12.24,4.9,2.2,4.28,1.61,0.44,0.18,1
27,1.56,17.82,3.56,3.01,4.01,1.79,0.22,0.17,1
28,4.19,27.94,6.29,1.4,2.1,3.49,0.45,0.28,1
29,15.58,62.32,10.39,7.27,6.23,3.8,2.84,2.4,1
30,18.02,80.48,8.41,7.09,6.01,3.96,2.01,1.64,1
31,2.45,12.24,5.26,1.84,3.67,2,0.45,0.18,1
32,20,87.09,10,7.5,8,4.95,2.7,2.28,1
33,2.02,24.23,4.04,1.01,2.02,1.99,0.54,0.3,1
34,7.22,36.1,5.05,2.89,3.61,2.57,1,0.76,1
35,3.49,26.54,5.59,1.51,2.1,2.8,0.42,0.23,1
36,6.52,27.95,6.52,1.86,2.8,1.53,1.09,0.75,1
38,3.84,23.06,5.12,2.05,3.84,2.57,0.83,0.54,1
39,7.84,64.25,10.51,2.2,1.5,3.93,1.95,1.42,0
40,3.14,18.86,4.89,0.77,1.4,3.49,0.4,0.28,0
41,2.79,20.95,4.19,1.12,1.96,2.68,0.41,0.21,0
42,2.79,20.95,4.19,1.12,1.96,2.68,0.41,0.25,0
43,2.1,16.76,4.19,0.77,2.23,3.21,0.44,0.28,1
44,2.79,13.97,5.24,1.12,2.1,3.4,0.7,0.28,0
45,20,80,9.5,5.5,6.5,4.7,2.29,1.99,1
46,2.79,16.76,4.75,0.84,2.79,3.68,0.41,0.26,1
47,2.02,20.03,5.21,0.81,1.62,1.89,0.43,0.27,1
48,3.49,20.95,4.89,0.7,1.89,2.8,0.42,0.23,0
49,3.14,18.86,6.15,0.56,1.68,2.51,0.42,0.28,0
50,3.67,14.69,4.28,2.45,3.67,1.93,0.42,0.16,1
51,3.33,22.2,4,3.44,4.44,2.67,0.59,0.38,1
53,3.06,18.34,4.48,1.02,2.04,1.11,0.57,0.48,1
54,2.45,12.24,3.67,3.37,5.51,1.67,0.45,0.19,1
55,2.79,20.95,4.89,0.84,1.68,3.25,0.42,0.28,0
56,3.07,20.95,4.54,0.88,1.4,2.99,0.47,0.31,1
57,2.79,16.76,4.64,2.44,1.4,2.93,0.31,0.21,0
58,3.14,27.94,4.89,0.7,2.17,3.69,0.44,0.33,0
59,2.79,20.95,4.19,1.12,1.96,2.68,0.41,0.25,0
60,2.79,22.35,4.89,0.84,2.1,3.2,0.44,0.28,0
61,2.1,20.95,4.19,0.7,2.1,3.49,0.44,0.26,0
62,2.14,24.66,6.65,1.07,1.72,1.8,0.31,0.26,1
63,8.76,43.79,6.57,3.28,3.83,2.47,1.07,0.89,1
64,7.68,64.02,5.51,6.4,6.4,5.08,1.17,1.05,1
65,2.79,20.95,4.64,0.63,1.4,2.93,0.35,0.21,1
66,2.79,16.76,4.89,0.7,2.51,3.35,0.41,0.27,1
67,6.65,53.22,6.92,1.6,1.86,3.84,0.78,0.23,1
68,3.07,20.95,4.54,0.88,1.4,2.99,0.47,0.28,0
69,2.3,17.46,5.45,0.84,2.79,2.79,0.49,0.26,0
70,4.19,31.43,5.59,0.84,2.1,3.6,0.52,0.3,1
71,4.19,16.76,5.83,0.7,2.1,3.91,0.42,0.35,0
73,20,100,9.5,6,8,4.64,2.19,2.03,1
74,2.44,27.94,5.24,1.05,2.1,3.31,0.52,0.24,0
75,3.14,20.25,5.24,4.19,6.98,4.19,0.35,0.28,0
76,2.79,22.35,4.89,1.12,2.1,3.49,0.44,0.28,0
77,3.84,20.95,4.19,4.19,4.89,3.77,0.49,0.28,0
78,4.72,22.85,8,1.83,3.5,2.45,0.46,0.2,1
79,3.63,24.44,5.45,0.84,2.03,3.45,0.42,0.24,0
81,12.46,51.93,8.31,3.64,3.64,2.2,2.33,1.66,1
82,5,20,7,2.25,2.95,2.32,0.52,0.29,1
83,2.79,16.76,4.19,0.84,2.79,3.49,0.35,0.26,0
84,2.1,13.83,3.84,1.4,4.89,3.49,0.42,0.28,0
85,4.48,10.18,3.26,0.94,1.63,1.24,0.24,0.15,1
86,19,67.5,8,6,8,4.6,2.33,1.52,1
87,20,75,8,5,7,4.66,2.27,1.5,1
88,2.93,20.95,4.61,0.84,2.1,3.02,0.42,0.28,1
89,1.84,6.12,3.67,1.65,2.45,2.14,0.64,0.2,0
91,2.79,13.97,4.19,0.7,1.89,2.79,0.42,0.26,0
93,4.08,32.67,5.88,2.04,3.27,2.24,0.54,0.45,1
95,2.93,20.95,4.61,0.84,2.1,3.02,0.42,0.28,0
96,7.78,31.13,6.23,1.82,3.11,2.5,0.98,0.65,1
97,16.5,75,9,5.31,6,4.74,2.24,1.73,1
98,15,65,8.25,6,6.25,4.67,2.06,1.68,1
99,18.61,81.9,9.68,5.21,6.33,3.59,1.95,1.51,1
100,4.89,38.41,6.43,2.79,5.59,4.49,0.85,0.33,1
101,2.79,16.76,4.89,0.7,1.89,3.05,0.47,0.26,0
102,18,80,9,7.25,8,4.82,2.47,2.12,1
103,10.92,60.06,5.82,7.28,8.74,4.44,1.46,1.04,1
106,2.79,22.35,4.89,0.84,2.1,3.2,0.38,0.28,0
107,2.93,17.46,4.19,0.84,2.1,3.72,0.44,0.28,1
108,4.1,27.95,5.59,1.58,2.24,1.26,0.93,0.5,1
109,4.19,20.95,4.54,1.4,2.79,1.96,0.65,0.26,0
110,2.79,20.95,4.89,0.77,1.75,2.7,0.41,0.31,0
111,2.75,9.79,3.67,1.84,3.67,1.35,0.37,0.18,1
112,4.07,16.29,3.67,2.04,4.07,1.39,0.25,0.15,1
113,13.41,80.47,9.36,6.37,6.2,3.07,2.19,1.98,1
114,14.54,62.32,9.35,3.12,3.64,2.32,2.15,1.49,1
115,20,100,10.6,7,8,4.89,2.36,2.07,1
116,3.14,20.25,5.24,4.19,6.98,4.19,0.35,0.28,0
117,2.79,22.35,3.35,0.84,2.1,3.2,0.42,0.28,0
118,1.12,22.35,3.49,0.42,1.4,2.1,0.42,0.14,0
120,2.93,17.46,4.19,0.84,1.4,3.49,0.44,0.28,0
121,15.42,80.47,9.05,6.71,6.71,3.21,2.56,2.27,1
122,3.49,27.88,4.89,0.84,1.68,4.1,0.49,0.31,0
123,2.79,13.97,6.43,0.7,2.1,2.51,0.35,0.24,0
124,8.78,38.06,4.36,2.34,2.34,1.87,0.92,0.74,1
125,3.49,16.76,5.94,1.75,2.79,2.79,0.44,0.47,0
126,2.79,16.76,5.59,0.7,2.1,2.33,0.31,0.28,0
127,4.19,20.95,3.35,1.4,2.1,2.1,0.45,0.28,0
128,3.63,18.61,6.05,2.79,3.72,1.75,0.44,0.32,1
130,18,70,10,6,6,5.14,2.51,1.86,1
132,2.79,16.76,4.19,1.4,3,3.7,0.44,0.44,0
133,5.64,42.31,7.05,7.05,7.05,4.08,0.54,0.39,1
135,2.79,13.97,6.43,0.7,2.1,2.51,0.35,0.24,0
136,2.25,9.01,4.51,0.68,1.01,2.25,0.41,0.34,0
137,3.07,20.95,4.54,0.88,1.4,2.99,0.47,0.31,0
138,1.68,17.46,4.89,1.4,1.4,3.49,0.4,0.28,0
139,6.14,43.31,5.05,2.89,4.33,3.01,0.89,0.81,1
141,6.65,47.9,6.65,1.4,1.66,3.81,0.73,0.28,1
142,20,100,11,7,8,5.15,2.48,1.92,1
143,3.7,11.03,4.18,0.84,2.03,2.42,0.65,0.51,0
144,12.46,62.32,9.35,4.15,4.15,3.33,2.47,1.91,1
145,2.79,20.95,4.19,1.12,1.96,2.68,0.41,0.25,0
146,15.63,60,8.25,4.75,6,4.79,2.05,1.57,1
147,2.71,21.67,4.69,1.81,2.27,0.95,0.5,0.19,1
148,6.03,35.81,4.9,3.02,4.52,3.28,1.29,0.72,1
149,14.89,67.01,9.68,5.77,5.96,3.56,1.8,1.37,1
150,3.49,27.88,4.89,0.84,1.68,4.1,0.49,0.31,0
151,2.1,16.76,4.19,0.77,2.23,3.21,0.44,0.28,0
152,3.06,12.24,3.06,1.84,3.67,1.56,0.35,0.18,1
153,1.23,6.68,3.34,2.23,2.9,0.7,0.18,0.15,1
154,20,80,9.97,7,8,4.78,2.4,1.97,1
155,2.45,9.79,3.67,1.84,3.98,1.44,0.45,0.2,1
156,2.79,15.36,4.19,0.84,1.68,3.4,0.7,0.38,0
157,2.59,35.63,4.03,0.7,1,1.52,1.06,0.64,1
158,5.59,37.27,6.52,1.49,2.8,1.48,0.98,0.7,1
159,4.19,20.95,4.4,1.12,2.1,3,0.42,0.28,0
160,18,66.94,9,6,6,5.37,2.01,1.83,1
161,2.79,22.35,4.89,0.84,2.1,1.4,0.44,0.28,0
162,7.6,30,4,0.75,1.3,0.78,0.72,0.47,1
163,6.5,55.29,6.5,2.6,3.25,4.68,0.47,0.27,1
164,3.54,19.45,2.74,1.33,2.43,2.68,0.97,0.52,1
165,5.28,27.52,4.37,3.02,3.77,3.5,1.24,0.69,1
166,21,60,10,6,7,4.5,2.12,1.6,1
167,5.99,17.98,9,2,1.8,2.9,1.05,0.72,1
168,1.27,11.12,3.18,2.86,4.38,1.79,0.58,0.31,1
169,6.76,26.53,3.6,0.97,1.76,1.31,0.62,0.46,1
170,1.59,12.71,3.18,2.43,2.54,1.41,0.44,0.26,1
171,5.75,33.52,5.75,1.92,3.19,2.35,1.09,0.85,1
172,16.1,72.71,9.04,5.19,5.19,1.47,2.05,1.15,1
173,18,72.5,9.4,6,7,4.92,2.58,2.03,1
174,4.66,24.22,5.59,1.49,2.8,1.46,0.92,0.58,1
175,3.39,27.46,4.85,2.26,2.26,3.21,0.99,0.63,1
177,2.79,16.76,4.75,1.4,3,3.7,0.5,0.44,0
178,2.89,20.97,6.51,2.17,3.61,2.58,1,0.79,1
179,2.65,40,6.25,2,4.95,2.33,0.99,0.59,1
180,3.23,25.85,4.85,1.73,2.58,2.88,1.05,0.68,1
182,3.49,18.86,4.19,1.05,3.49,2.72,0.49,0.28,0
183,5.82,38.77,4.85,1.94,2.91,2.99,1.02,0.66,1
184,2.79,20.95,4.19,1.12,1.96,2.68,0.41,0.25,0
186,4.14,20.7,6.32,1.15,1.61,1.19,0.79,0.47,1
187,2.1,27.94,5.66,2.1,2.79,4.54,0.63,0.35,0
188,19,87.5,12,8,8,4.88,2.11,1.67,1
189,3.26,18.34,4.69,1.02,1.83,1.08,0.68,0.53,1
190,2.79,16.76,4.89,0.7,2.51,3.35,0.41,0.27,0
191,12.25,81.68,8.17,12.25,13.54,5.3,1.24,0.63,1
192,9.04,37.99,7.24,2.71,4.52,2.05,0.84,0.54,1
193,1.35,10.14,6.76,0.68,1.49,1.75,0.32,0.22,0
194,4.19,18.16,5.59,0.84,2.1,3.6,0.42,0.28,0
195,5,30,3.5,1.2,2.75,1.55,0.6,0.3,1
196,2.14,16.3,5.1,0.82,1.43,0.87,0.54,0.45,1
197,5.28,27.52,5.28,3.02,3.77,3.32,1.24,0.66,0
198,4.84,22.36,6.15,1.54,2.32,1.57,0.89,0.5,1
199,3.96,31.67,3.17,1.11,1.58,0.87,0.74,0.4,1
200,0.79,23.75,2.06,1.11,0.87,1.58,0.59,0.48,0
201,3.17,31.67,3.17,1.07,1.35,1.43,0.71,0.42,1
202,4.9,12.24,3.67,2.33,3.98,2.04,0.42,0.17,1
203,13.41,67.06,8.72,6.04,6.04,3.29,2.47,1.96,1
204,3.67,30.61,4.28,1.59,3.06,1.64,0.38,0.18,0
205,2.4,25.67,4.28,0.68,1.37,1.4,0.49,0.17,1
206,5,20,7,2.25,2.95,2.32,0.52,0.29,0
207,7.07,36.1,5.05,3.18,4.11,2.87,0.99,0.77,1
208,1.91,19.07,3.18,2.77,3.5,1.75,0.47,0.24,1
209,18.24,85.62,8.93,5.21,6.7,3.77,1.95,1.78,1
210,1.91,13.35,3.18,2.86,4.13,1.79,0.59,0.27,0
211,1.43,12.71,3.18,2.02,3.18,1.44,0.45,0.27,0
212,15,69,8,5,6.5,3.78,2.17,1.58,0
213,5.88,29.41,5.88,1.18,2.35,2.84,0.52,0.32,1
214,7,40,6,1.3,2,2.2,0.72,0.47,1
215,10,40,7,2.5,3,1.91,2.28,1.63,1
216,4.54,23.05,5.45,0.56,4.19,3.45,0.37,0.3,1
217,17,70,8,7,5.5,3.88,2.83,2.06,1
218,14.5,65,9,5.5,8,4.47,2.28,1.69,1
219,16,75,8,6,7,4.89,2.43,2.07,1
220,3.6,30,6.5,1,2.88,2.9,0.98,0.66,1
221,1.91,9.85,2.54,1.91,3.18,1.11,0.64,0.32,1
222,1.23,8.91,2.67,2.23,4.46,1.69,0.23,0.18,1
223,4.54,34.92,6.98,1.75,4.19,4.71,0.59,0.38,0
224,1.21,20.03,5.21,0.81,1.62,1.89,0.43,0.27,0
225,2.45,15.92,4.28,2.94,4.28,1.65,0.72,0.19,1
226,17.5,65,8.5,5,7.25,5.48,2.35,1.95,1
227,2,18,5.5,7,17.5,1.25,0.68,0.54,1
229,6.98,11.17,5.24,0.7,2.1,1.68,0.42,0.28,0
230,3.5,42.5,7,2.5,3.5,2.53,0.78,0.62,1
231,0.98,6.68,3.34,2.23,4.46,1.34,0.19,0.18,0
232,16.77,67.06,9.36,6.71,6.71,3.3,2.47,2.12,1
233,1.71,10.95,4.28,0.44,0.68,0.52,0.33,0.08,0
234,3.06,10.41,3.67,1.84,3.49,1.09,0.39,0.19,1
235,7.94,28.88,4.62,2.71,2.17,3.25,0.87,0.69,0
236,9.89,43.8,5.14,1.25,1.98,1.76,0.82,0.52,1
237,1.12,10.48,4.54,0.7,1.68,3.14,0.65,0.33,0
238,1.34,10.02,3.56,1.56,2.23,0.91,0.2,0.13,1
239,10.38,45.4,5.71,2.59,4.15,3.4,1.04,0.62,1
240,4.72,51.68,4.83,2,3,2.88,0.77,0.62,0
241,3,17,3,0.85,1,1.03,0.4,0.33,1
242,10,50,10,1.5,2.25,1.74,1.07,0.81,1
244,1.96,9.49,4.28,1.84,2.75,2,0.58,0.22,1
245,18,63.5,9.29,6,7,4.65,2.41,1.63,1
246,6.32,31.58,5.26,1.26,2.53,1.96,0.72,0.38,1
247,15.58,62.32,9.35,4.67,4.21,3.8,2.99,2.31,1
248,5.82,14.69,3.06,2.63,4.28,2.45,0.38,0.23,1
249,3.37,28.91,4.82,0.77,1.35,2.18,0.67,0.35,0
250,2.79,27.94,5.59,0.98,2.3,3.41,0.44,0.26,0
251,3.23,16.15,4.85,1.94,2.91,2.94,1.02,0.66,0
252,4,17.96,4,1.65,3.05,0.79,0.72,0.31,0
253,4.66,27.95,5.59,1.86,2.89,1.57,0.91,0.63,1
254,1.34,8.46,3.34,1.34,3.3,1.08,0.22,0.14,1
255,10.56,42.26,5.49,2.11,2.54,2.53,1.85,1.6,1
256,14.02,62.32,9.35,4.67,4.15,3.51,2.69,2.19,1
257,20,70,9,5,5,4.57,2.21,1.77,1
258,3.53,22.36,5.59,1.3,3.35,1.56,0.84,0.45,0
259,2.72,25.94,6.23,1.22,1.43,1.97,0.73,0.52,0
260,2.33,12.24,3.67,1.84,3.37,1.49,0.41,0.22,1
261,4,22,4.5,1.5,2.25,1.01,0.83,0.48,1
262,3.54,26.52,2.65,0.88,1.24,2.39,0.68,0.4,1
263,7.78,44.43,6,3.11,2.89,2.93,1.33,1.27,1
264,3.27,16.33,4.08,1.63,2.04,0.82,0.52,0.3,0
265,3,18.37,3.17,1.22,1.5,1.81,0.88,0.47,1
266,15.58,72.71,9.35,5.19,4.93,3.34,2.51,2.53,1
267,19,80,9.04,7,9,5.17,2.53,2.29,1
268,12,70.5,8.5,5.75,6.99,4.42,1.83,1.72,1
269,2.23,13.97,3.84,1.4,4.89,3.49,0.49,0.28,0
270,7.93,38.35,5.63,1.92,2.05,1.79,1.09,0.91,1
271,2.45,12.24,3.06,2.45,6.12,1.39,0.35,0.17,1
272,15,60,8.38,4,6,4.12,2.18,1.57,1
273,6.65,53.22,7.98,1.6,1.59,3.77,0.73,0.22,1
274,18,69,8.7,6,8,4.81,2.36,1.79,1
275,1.74,26.75,8.56,1.07,1.87,2.74,0.48,0.31,1
276,5,30,11,2.37,5,2,1.37,1.2,0
277,4.66,22.36,5.78,1.49,2.24,1.47,0.93,0.49,1
278,15,60,7.58,4.5,6,3.91,2.08,1.65,1
279,12,45,7.5,3.5,5.5,4,1.92,1.25,0
280,5.49,16.41,4.22,2,1.71,1.69,0.4,0.19,0
281,1.22,15.59,4.01,1.89,3.56,0.97,0.27,0.22,1
282,9.83,49.13,6.35,2.46,4.09,2.69,1.24,0.69,1
283,2.45,7.35,2.45,1.53,2.82,0.92,0.34,0.11,0
284,3.67,9.79,4.59,1.84,3.06,1.64,0.38,0.18,1
285,1.59,9.53,3.18,2.38,2.54,1.31,0.41,0.2,0
286,2.48,19.01,2.61,1.06,2.12,1.63,0.34,0.3,0
287,19,77.5,8,5,6,4.14,1.72,1.31,1
288,6.49,25.94,7.26,2.33,3.89,2.44,1.05,0.64,1
289,1.35,7.35,3.67,1.29,3.06,1.22,0.39,0.18,0
290,17.5,55,10.76,3,5,4.5,3.25,1.7,0
291,3.67,10.41,4.16,2.63,4.28,1.93,0.43,0.16,0
292,2.45,7.96,3.98,2.45,3.67,0.84,0.31,0.12,0
293,5.71,20.76,4.51,1.82,2.08,3.37,0.74,0.52,0
294,3.56,68.97,2.9,1,0.5,1.98,0.91,0.47,1
295,15,62.5,8.25,5,6,4.43,2.11,1.56,1
296,14.17,47.5,12.35,1.66,5.94,4.58,1.3,0.85,1
297,1.84,12.24,3.67,1.59,2.45,1.15,0.26,0.13,0
298,5.5,17.81,4,0.57,1.08,1.46,0.61,0.35,1
299,6.5,36.1,5.05,2.89,5.05,3.25,0.99,0.77,0
300,15,60,10,4.5,5.5,4.78,2.12,1.83,1
301,8.5,35,8,1,1.7,1.25,1,1,0
302,4.33,21.66,4.98,2.6,3.25,1.08,1.21,0.94,0
303,1.58,9.24,3.38,0.79,1.06,1,0.31,0.23,0
305,2.45,15.92,2.94,0.98,4.28,0.73,0.44,0.14,0
306,6.03,26.39,6.03,2.45,4.52,3.14,1.41,0.84,0
307,15.58,62.32,9.35,4.15,4.15,3.53,3.14,2.88,1
308,9.83,39.3,5.73,1.31,1.97,2.82,0.94,0.58,1
309,3.35,24.22,5.59,1.68,1.58,1.24,0.85,0.53,0
310,5.28,52.77,6.63,3.02,3.2,4.77,1.03,0.75,0
311,6.14,43.31,5.41,3.07,5.05,3.34,1.11,0.88,1
312,0.68,13.52,3.38,0.48,0.9,1.46,0.3,0.17,0
313,4.46,19.93,3.52,0.81,1.35,1.09,0.49,0.31,1
314,10,50,10,1.5,2.25,1.74,1.07,0.81,0
315,8.17,54.45,8.17,10.89,10.89,4.83,0.85,0.3,1
316,23,80,10,6.5,7,5.75,2.37,2,1
317,7.78,53.19,5.19,2.08,2.72,2.38,0.87,0.8,1
318,16,70,10,6,8,4.5,1.56,1.3,0
320,5.19,38.96,6.49,10.39,10.39,4.88,0.9,0.3,1
321,3.06,14.84,3.67,1.84,2.47,1.69,0.38,0.24,1
322,4.4,29.35,4.4,1.47,2.2,2.1,0.74,0.35,1
323,4.38,27.95,6.5,1.12,2.05,1.53,0.81,0.41,1
324,1.4,7.49,4.68,4.68,8.19,1.01,0.27,0.2,0
325,2.02,8.88,4.16,1.84,1.84,1.51,0.43,0.16,1
326,20.77,83.1,9.61,6.23,5.19,1.84,2.73,1.3,1
327,15,50,8.5,4.75,6,4.14,2.28,1.94,1
328,15.53,74.56,9.32,6.52,6.99,3.47,2.38,2.06,1
329,7.96,31.86,7.08,2.21,2.65,1.86,1.8,1.22,1
330,3.06,12.24,3.67,6.12,4.59,1.01,0.37,0.4,1
331,5,20,5.74,1.5,2.5,1.5,1.02,0.9,1
332,1.27,9.53,3.18,2.03,2.86,1.75,0.49,0.25,0
333,2.45,11.02,3.98,1.96,2.94,1.68,0.43,0.18,0
334,14,53.47,10.18,3.06,3.82,3.88,1.8,1.42,1
335,12.41,67.06,8.53,5.36,6.44,3.36,2.48,1.8,1
336,4.69,36.1,4.33,2.53,3.97,2.79,1.11,0.85,0
337,4.2,25.02,6.44,5,4.2,0.9,0.33,0.21,0
338,5.12,18.63,5.22,1.49,2.8,1.44,0.89,0.56,0
339,5.71,25.94,5.45,1.56,2.59,2.33,0.89,0.54,0
340,3.06,16.3,5.1,1.02,1.53,0.98,0.53,0.4,1
341,10.62,37.17,6.37,1.86,2.65,1.89,1.22,0.83,1
342,3.06,7.35,3.06,2.02,3.67,1.99,0.44,0.16,1
343,5.59,40.51,5.59,1.12,4.19,3.49,0.52,0.32,0
344,7.32,29.28,4.1,1.17,2.34,1.76,1.07,0.69,0
345,7.91,40.94,6.22,4.09,3.28,2.35,1.21,0.87,1
346,3.38,39.43,5.63,1.13,1.58,2.14,0.52,0.25,1
347,5.45,19.06,6.81,6.81,6.81,4.63,0.78,0.31,1
348,10.23,40.94,5.73,1.29,2.86,2.44,1.06,0.57,1
349,4.28,12.24,3.06,1.71,2.2,1.35,0.39,0.16,0
350,13.1,32.75,4.91,2.46,2.21,1.97,0.96,0.53,1
351,18.61,63.28,8.93,5.21,5.96,3.72,1.75,1.52,1
352,6.03,36.19,4.33,1.88,2.83,3.11,1.21,0.64,0
353,24,72.5,9.75,6,8,4.25,2.06,1.7,0
354,1.84,13.88,5.31,1.71,1.76,1.82,0.54,0.73,0
355,2.53,45,7.68,1.83,2.74,2.03,0.71,0.67,0
356,3.63,24.44,5.73,0.84,2.03,3.49,0.42,0.24,0
357,3.06,8.02,3.06,1.84,3.37,1.56,0.35,0.18,0
358,1.62,16.16,2.63,0.7,1.9,0.81,0.57,0.32,0
359,2.94,15,5.41,1.19,1.8,2.05,0.59,0.37,0
360,3.14,18.86,4.89,0.77,1.4,3.49,0.4,0.28,0
361,3.35,22.36,5.59,0.84,1.86,0.84,0.84,0.56,0
362,16.44,66.54,4.31,1.17,1.64,2,1.04,0.89,1
363,5,25,5,1,2,1.3,1,0.81,0
364,3,17,3,0.58,1,1.03,0.4,0.33,0
365,17,60,9,5,5.5,4.72,2.35,1.52,1
366,8.24,54.93,6.87,12.36,13.05,5.45,1.09,0.36,1
367,7.98,31.93,7.45,1.33,1.6,3.73,0.72,0.27,1
368,5.78,43.31,4.69,3.25,3.61,3.19,1.17,0.77,0
371,8.19,32.75,6.55,1.97,1.97,2.54,1.1,0.76,1
372,9.83,49.13,6.55,2.62,3.68,2.48,1.61,0.88,1
373,6,82.74,3,1,1.5,1.5,1.92,0.8,0
374,7.16,33.93,4.9,3.02,4.52,3.28,1.71,0.8,0
375,7.92,54.63,7.92,2.38,3.17,3.28,1.09,0.8,1
376,5.59,33.54,6.34,1.3,1.86,1.6,1.09,0.67,1
377,1.59,12.71,2.86,1.91,2.51,1.05,0.36,0.18,0
378,2.52,36.59,7.32,0.91,1.83,2.39,0.7,0.53,1
380,1.22,10.41,2.45,1.47,3.37,2.53,0.41,0.18,0
381,12.9,60.06,7.21,4.5,4.8,3.35,1.71,1.22,1
382,10.38,41.51,6.75,2.08,2.59,2.77,1.05,0.76,1
383,4,24.51,6,1.1,2.42,1.51,0.74,0.72,1
384,6.13,35.3,4.09,0.86,0.86,0.59,0.54,0.19,1
385,1.58,11.26,3.38,0.79,1.13,1.58,0.31,0.23,0
386,8.19,39.3,5.73,2.95,4.09,2.2,0.98,0.41,1
387,2.45,18.36,5.2,1.71,4.9,1.28,0.38,0.14,1
388,9.41,36.9,7.38,1.85,2.58,2.58,0.85,0.47,1
390,19.55,111.74,11.87,6.98,6.91,5.91,3.2,2.64,1
391,1.86,9.3,3.95,2,2.79,1.09,0.65,0.33,0
392,1.41,24.23,4.04,0.84,1.45,1.41,0.4,0.3,0
393,5.51,6.12,3.67,1.53,4.28,0.76,0.33,0.16,0
394,17,67.5,8.5,5.75,7,4.7,2.22,1.9,1
395,3.17,31.67,12.67,1.27,1.58,1.72,0.87,0.63,0
396,12.98,57.13,9.34,3.64,3.01,2.81,2.29,1.81,1
397,1.71,4.11,3.94,0.41,0.34,0.43,0.32,0.16,0
398,8.19,36.85,4.93,1.19,2.13,2.54,1.03,0.42,1
399,7.5,37.52,6.95,1.5,2.25,2.84,0.94,0.47,1
400,16.5,70,8.75,5,6.5,5.08,2.2,1.91,1
401,25,57.5,9.75,6.5,8,5.07,2.15,2.01,1
402,2.79,16.76,5.59,0.7,2.1,2.33,0.52,0.28,0
403,2.45,12.24,6.12,1.47,3.18,1.59,0.45,0.16,0
404,15.5,60,7.95,6,6,4.97,1.87,1.39,1
405,18.61,67.01,8.93,5.21,5.96,3.81,1.82,1.74,1
406,3.73,17.7,4.94,1.86,2.9,1.51,0.95,0.67,0
407,6.32,25.26,4.21,1.05,1.79,1.69,0.54,0.37,1
408,5.58,27.01,6.95,2.78,2.78,2.44,3.44,1.65,0
409,11.12,39.52,4.68,1.17,1.46,2.05,0.97,0.79,0
410,5.33,23.69,3.85,1.42,1.78,1.81,0.55,0.29,1
411,2.78,15.45,4.63,1.54,2.16,0.78,0.52,0.24,1
412,1.84,7.35,3.37,1.53,2.14,0.92,0.31,0.12,0
413,6,26.4,5.97,1.61,3,2.73,0.81,0.73,0
414,6.14,28.88,4.76,3.61,3.61,2.79,0.89,0.74,0
415,2.29,22.95,7.65,2.37,3.06,1.44,0.44,0.18,1
416,9.83,40.94,6.55,2.05,2.54,2.2,0.98,0.46,1
417,8.92,32.43,5.19,1.82,3.89,2.57,1,0.67,0
418,11.46,49.13,6.34,1.8,2.78,2.56,1.16,0.52,1
419,15,60,7.77,5,6,4.93,2.12,1.66,1
420,8.5,30,8,2,1.7,1.25,1,1,0
421,2.45,9.79,3.67,1.84,3.98,1.44,0.24,0.12,0
422,3.98,14.69,3.37,3.37,3.67,1.92,0.48,0.37,1
423,2.45,20.38,4.38,1.22,1.89,1.42,0.62,0.65,1
424,6.03,26.39,6.03,2.11,4.52,3.14,1.13,0.75,0
425,5,30,5.5,1.9,2.32,1.9,0.76,0.83,1
426,1.91,12.71,2.86,1.91,2.51,1.81,0.53,0.3,0
427,0.68,11.26,3.38,0.45,0.56,1.58,0.23,0.23,0
428,5.26,14.58,6.32,1.15,0.84,1.4,0.59,0.48,1
429,3.96,30.38,9.5,1.98,3.17,2.38,1.5,0.85,0
430,16.44,66.54,4.31,1.17,1.64,2,1.04,0.89,0
432,5.41,21.64,4.06,0.84,1.35,1.21,0.62,0.46,1
433,12.5,45,10,2.5,3.5,3.67,1.5,2.67,0
434,3.73,18.63,5.59,0.93,1.86,1.18,0.78,0.35,0
435,1.04,7.35,4.32,1.22,3.98,2.14,0.38,0.17,0
436,1.34,15.59,3.56,2.23,4.46,1.37,0.24,0.18,1
437,1.47,8.26,4.28,1.87,3.06,1.53,0.29,0.15,0
438,15,57.5,8,4.5,7,5,1.86,1.63,1
439,20,75,8,4,6,4.63,2.31,1.35,1
440,12,85,15,4.5,6.5,2.77,2.04,2.25,0
441,4.67,24,5.19,7.52,2.33,3.11,0.93,0.64,0
442,7.37,29.48,5.27,2.46,1.97,2.46,0.92,0.36,1
443,18.61,61.42,8.93,5.21,5.96,3.67,2,1.5,1
444,1.34,17.82,2.67,1.34,1.11,1.41,0.23,0.18,0
445,2.69,15.37,4.36,1.92,2.82,2,0.53,0.36,1
446,1.8,9.57,3.38,0.9,1.58,0.83,0.36,0.23,0
447,17.48,87.39,15.15,7.72,8.16,3.57,2.35,1.9,1
448,3,24.07,5,1.13,2.75,2.1,1.07,0.45,0
449,12.38,76.21,8.57,6.67,6.67,3.87,2.28,2.05,1
450,1.11,6.12,2.08,1.84,3.49,1.09,0.37,0.12,0
451,9.63,46,6.88,2.48,2.75,1.83,2.23,1.61,1
452,3.98,11.06,4.97,1.19,1.49,1.2,0.41,0.28,1
453,3.37,28.91,4.82,0.77,1.35,2.3,0.67,0.35,1
454,4.31,30,7.9,0.97,2.5,1.67,0.86,0.86,0
455,11.4,20,2.67,1,2,1.06,1.56,1.57,0
456,19.22,83.1,10.39,5.9,5.19,3.54,2.74,2.48,1
457,1.36,10.85,3.25,1.08,1.63,1.46,0.35,0.18,1
458,8,50,7,2.5,4,3.31,1.66,1.34,1
459,7.32,35.13,4.68,1.76,2.05,1.68,0.9,0.71,1
460,14.89,55.84,8.26,4.47,5.21,3.4,1.79,1.56,1
461,15.01,79.17,11.48,0.87,1.58,2.38,0.79,0.67,0
462,20.11,108.58,12.06,9.9,9.55,4.55,3.1,2.83,1
463,1.98,19.89,7.92,0.79,2.38,3.69,2.38,1.27,0
464,13.5,83.1,9.35,7.27,8.31,4.24,2.69,1.78,1
465,6.24,25.99,4.81,1.3,1.82,1.42,0.71,0.5,1
466,3.17,26.13,4.75,0.95,2.77,3.96,0.65,0.49,0
467,10.39,51.93,7.27,4.15,3.12,2.88,1.28,1.24,1
468,9.87,51.93,6.23,4.15,4.15,2.92,1.87,1.6,1
469,14.89,59.56,9.31,5.21,5.21,3.45,1.55,1.09,1
470,3.26,25.59,5.12,3.02,3.72,1.73,0.52,0.33,1
471,1.94,21.04,3.27,0.58,2.46,2.18,0.44,0.68,0
472,12.46,51.93,7.27,4.15,5.19,3.4,1.89,0.52,1
473,8.31,46.74,7.27,2.08,2.6,2.47,1.98,1.6,1
474,14.89,72.96,8.93,4.47,4.84,2.48,1.22,1.33,1
475,18.7,83.1,9.87,6.23,6.23,3.71,2.31,1.78,1
476,12.46,51.93,7.27,2.6,3.12,1.94,1.7,1.17,1
477,10,60,6.1,3,4.82,3.51,2.99,1.07,1
478,4.15,23.5,4.84,1.38,2.07,1.9,0.88,0.47,1
479,12.46,62.32,7.27,4.88,4.67,3.38,2.07,1.72,1
480,9.17,66.68,8.89,5.56,6.95,1.88,0.67,0.94,0
481,12.43,62.13,8.7,6.21,6.21,3.24,2.36,2.17,1
482,15.42,73.77,8.82,6.37,6.71,3.24,2.24,1.73,1
483,6.48,45.39,6.48,1.95,3.24,3.3,0.93,0.68,1
484,8.78,35.13,4.1,2.34,2.63,1.84,0.91,0.69,1
485,5.73,35.24,5.73,1.76,2.64,1.38,1.41,0.71,1
486,7.5,30,6,3,3.5,1.5,1,1,0
487,2.58,15.02,2.23,1,2,2.38,1.13,1.28,0
488,13.5,51.93,6.34,4.15,4.15,3.31,1.41,0.73,1
489,8.76,36.49,5.11,1.46,1.46,1.75,0.72,0.74,1
490,14.89,67.01,8.93,5.21,5.21,3.54,1.79,1.71,1
491,18.61,70.73,8.93,5.96,5.96,3.67,1.99,1.78,1
492,10.39,41.55,6.44,3.12,3.12,1.9,2.3,1.79,1
493,6.43,42.88,10.72,0.86,3.43,2.14,0.68,0.57,0
495,4.98,32.2,3.66,1.76,1.76,2.07,1.11,0.81,0
496,9.76,47.89,8.52,2.84,5.11,3.18,1.01,1.18,1
497,2.89,10.12,7.95,1.45,2.31,2.17,0.72,0.58,0
498,5.3,26.49,5.03,2.12,1.99,1.49,1.56,0.87,1
499,11.53,34.59,5.96,1.54,1.92,2.54,0.85,0.57,1
500,4.86,80,6.15,2.7,2.7,2.25,0.92,0.74,0
501,5,40,7,2.75,3,2.44,1.33,0.62,0
502,5.49,49.92,7.16,1.91,2.39,3.49,1.16,0.72,1
503,5.53,26.01,8.94,3.25,7.8,2.51,0.96,0.32,1
504,14.41,78.08,8.41,3.9,3.6,2.74,1.62,1.86,1
505,5.71,25.97,4.15,2.08,2.6,1.49,1.81,1.23,1
506,9.87,62.32,10.36,4.93,0.51,3.64,2.25,2.18,0
507,26.42,105.68,15.85,6.87,5.81,4.94,4.36,4.13,1
508,5.3,53.05,6.63,7.96,10.61,4.55,0.72,0.36,1
509,8.05,51.93,10.39,4.15,3.12,2.73,2.99,2.21,0
510,15.67,52.23,11.27,5.22,2.61,3.42,2.43,1.04,0
511,17.65,105.92,14.12,9.14,7.85,4.38,2.47,1.99,1
512,20.49,88.29,10.39,5.19,5.71,3.78,3.1,3.31,1
513,12.67,39.59,19.79,0.79,4.75,6.33,1.06,1.19,0
514,18.75,95.11,8.97,3.25,5,4,1.52,1.28,1
515,3.6,33.76,6.3,2.7,4.5,2.67,1.05,0.84,1
516,17.41,78.34,10.45,7.4,6.96,4.92,2.46,0.94,1
517,3.76,16.09,3.76,2.15,2.74,1.67,0.73,0.3,1
519,3.06,18.36,3.06,9.99,2.45,1.32,0.47,0.16,1
520,1.08,6.78,4.34,0.95,1.08,0.99,0.27,0.21,0
521,5.47,54.72,15.2,4.56,3.04,4.05,2.43,1.22,0
522,25.97,155.8,9.35,7.27,8.31,4.48,4.88,5.77,0
523,1.05,11.78,2.4,1.05,1.05,1.05,0.82,0.7,0
524,12.46,51.93,9.22,2.6,4.15,2.6,1.56,1.21,0
525,7.4,62.9,10.02,2.22,2.97,2.5,1.13,0.99,0
526,15.58,41.55,7.27,0.57,1.25,1.04,1.45,1.04,0
527,12.27,53.17,9.82,3.68,4.5,3.22,2.07,0.83,1
528,2.91,28.81,5,4,2.55,3.41,0.73,0.56,1
529,29,150,15,9,10,5.61,3,2.43,1
530,11.34,88.34,7.36,1.62,2.65,3.42,0.97,0.75,1
531,4.47,29.87,9.99,3.58,2.86,3.12,1.38,1.05,0
532,18.02,72.07,8.1,4.2,5.23,3.35,1.85,1.66,1
533,12,68.33,8.5,3.75,2.36,2.47,1.69,1.56,0
534,16.76,86.87,15.88,8.73,11.38,6.51,3.94,2.45,0
535,28.49,142.45,9.97,4.27,14.25,5.34,5.63,0.68,0
536,27.03,102.1,8.41,6.01,6.01,3.93,2.22,1.6,1
537,3.98,22,5.48,3.5,4.5,2.66,1.33,0.83,0
538,12.95,92.51,12.48,2.22,2.85,3.7,1.86,0.95,0
539,15.2,44,12,9,4.5,2.58,2,1.5,0
540,15.79,58.04,6.31,3.87,4.79,5.67,3.21,1.95,1
541,20.95,104.75,14.67,6.98,6.98,3.91,3.25,2.19,0
543,11.1,64.75,10.18,2.59,3.24,1.85,1.85,1.97,0
544,5.55,92.51,8.33,3.89,3.52,4.44,2.22,1.11,0
545,14.02,51.93,8.31,2.08,3.12,1.74,1.9,1.4,0
546,18.7,83.1,9.35,3.12,4.15,3.01,2.11,1.53,1
547,5.55,60,5.55,1.85,1.85,2.48,1.57,1.49,0
548,23.48,6.57,21.81,1.88,1.88,0.99,1.17,2.08,0
550,26.42,105.68,14.79,5.28,6.34,5.11,4.58,3.35,0
552,15.58,59.23,6.75,4.15,4.52,1.28,2.04,1.04,0
554,9.32,49.71,9.32,3.57,4.19,3.73,2.33,1.55,0
555,1.04,31.16,12.46,1.04,1.04,1.56,1.04,1.04,0
556,10.73,33.53,10.06,5.36,8.05,4.02,1.34,0.84,0
557,14,100,8,3,4,4.83,2,3,0
559,8,170,10,4,4,5,3,3,0
560,2.14,6.12,4.59,1.84,4.59,1.47,0.33,0.12,0
561,3.26,17.7,5.59,1.02,2.14,1.71,0.93,0.39,1
562,5.41,28.88,5.23,2.53,2.53,3.01,0.84,0.63,0
563,15.58,51.93,8.31,4.15,3.64,1.79,1.63,1.03,1
564,2.14,8.57,3.67,1.96,2.69,1.22,0.43,0.15,1
565,2.07,10.81,2.86,2.54,2.86,1.27,0.97,0.35,0
566,1.77,9.72,2.39,0.88,1.24,1.68,0.59,0.35,0
567,6.76,21.64,3.52,1.08,1.49,1.09,0.63,0.43,1
568,9.99,45,8,3,6,4.13,2.17,1.49,1
569,4.72,21.01,6.28,1.83,1.68,2.45,0.46,0.2,0
570,7.78,23.35,4.67,1.56,2.46,2.27,0.67,0.75,0
571,2.65,25.9,3.18,1.41,2.39,2.48,0.6,0.37,1
572,6.03,36.19,4.71,2.45,4.15,3.14,1.38,0.73,0
573,4.33,28.88,3.97,1.66,2.53,1.23,0.72,0.63,0
574,2.79,18.61,5.12,1.95,1.86,1.99,0.45,0.27,1
575,0.98,6.12,3.67,1.84,1.84,0.61,0.22,0.16,0
576,3.26,38.15,5.58,3.26,4.65,1.63,0.87,0.43,1
577,6.23,31.13,6.23,2.02,3.33,2.15,0.8,0.58,1
578,4.13,14.03,3.28,0.83,1,2.49,0.51,0.33,0
579,15,75,10,5,6,4.12,2.18,1.72,1
580,5.78,28.88,4.69,1.8,3.61,2.53,0.87,0.88,0
581,4.46,18.05,3.52,0.81,1.31,1.09,0.49,0.31,0
582,2.56,17.94,4.1,1.28,6.41,2.43,0.86,0.51,0
583,20,80,12,5.5,10,6.75,2.37,2.33,0
584,6.23,18.16,5.97,0.88,2.72,2.28,0.65,0.47,0
585,1.01,13.52,4.73,0.68,0.9,2.25,0.23,0.38,0
586,20,65,10,4,6.5,4.73,2.36,1.95,0
587,1.37,10.81,2.54,2.54,2.86,1.27,0.38,0.22,0
588,7.14,36.32,6.75,2.59,3.5,2.89,0.9,0.72,1
589,3.73,18.63,5.59,1.96,2.61,1.35,1.07,0.63,0
590,12,60,8.14,4,6.5,4.71,2.07,1.59,1
591,7.16,24.25,3.36,3.02,4.52,3.86,1.46,0.78,0
592,3.06,6.12,2.45,1.22,6.12,1.84,0.22,0.18,0
593,5.3,17.68,2.65,1.59,2.65,2.87,1.09,0.71,0
594,5.85,47.23,6.65,1.33,1.86,3.64,0.79,0.31,1
595,9.34,41.51,5.87,2.04,3.11,2.56,1.16,0.96,1
596,15,55,10.29,5,6,5.08,2.2,1.53,1
597,2.79,27.94,9.78,0.98,1.4,4.89,0.42,0.42,0
598,15.39,53.22,6.39,1.97,2.78,2.33,1.12,0.61,1
599,1.89,12.37,3.33,4.44,5.55,2.49,0.69,0.29,1
600,7.78,25.94,6.75,1.43,2.98,2.08,0.84,0.67,1
601,13.5,54.53,9.35,5.19,4.15,1.49,2.28,1.06,1
603,1.84,6.12,4.55,2.02,2.33,1.26,0.33,0.19,0
604,1.24,7.89,2.76,0.45,0.9,0.84,0.28,0.23,0
606,1.27,7.31,3.05,2.43,2.54,0.87,0.44,0.25,0
607,2.22,22.2,3.33,4,5.55,1.92,0.53,0.34,0
608,12.97,31.13,5.71,1.5,3.89,1.82,1.18,1.11,0
609,12.98,62.32,9.35,5.19,4.67,2.73,2.08,1.33,1
610,9.08,23.35,6.23,2.59,3.63,2.76,0.84,0.59,1
611,1.13,11.26,3.38,0.79,0.96,0.45,0.23,0.15,0
612,20,75,9,4.5,6,4.84,2.47,1.8,1
613,8.19,32.75,6.55,2.46,2.29,2.6,0.93,0.57,1
614,3.03,25.43,3.18,2.07,2.54,2,0.67,0.28,1
615,0.68,11.26,5.63,0.48,0.9,0.45,0.3,0.17,0
616,1.13,12.39,5.41,0.68,1.01,0.79,0.34,0.22,0
617,4.66,14.91,5.59,1.21,1.49,1.3,1.21,0.84,0
618,2.61,12.58,6.34,1.49,2.98,1.61,1.02,0.7,0
619,5.49,24.5,10,2,1.71,3.5,0.49,0.29,1
620,1.84,12.24,3.98,1.71,3.06,1.57,0.37,0.15,1
621,3.36,17.68,3.36,0.88,2.65,2.48,0.34,0.27,0
622,12,41.25,7.5,3.75,5,3.93,2.23,1.19,1
623,5.31,24.25,3.36,3.02,4.52,2.78,1.71,0.64,0
624,1.01,11.26,4.73,1.13,0.68,2.25,0.55,0.38,0
625,18,82.5,10,7,9,5.43,2.33,2.27,1
626,4.67,25.94,6.23,1.82,3.37,2.78,1.38,0.79,0
627,2.22,17.76,3.88,3.33,4.44,2.11,0.44,0.33,0
628,5.59,22.36,6.34,1.3,1.86,1.56,1.06,0.67,0
629,7.78,28.36,5.97,2.46,4.15,2.58,0.99,0.82,1
630,12,55,6.5,5,5.99,4.5,2.43,1.86,0
631,14.41,60.06,7.21,4.8,4.92,3.78,1.82,1.33,1
632,12.46,46.74,8.31,3.12,3.12,2.1,1.93,1.42,1
633,3.17,22.36,5.96,1.3,2.33,1.19,0.8,0.41,1
634,3.35,24.22,5.59,1.68,1.58,1.24,0.85,0.53,0
635,5.78,28.88,5.05,1.8,3.61,3.18,1.12,0.82,0
636,2.45,12.24,5.2,2.26,4.28,1.59,0.55,0.24,0
637,14.02,59.73,8.93,4.15,3.64,3.33,2.91,2.71,1
638,4.69,28.88,3.61,2.89,3.61,2.89,1.21,0.82,0
640,9.08,33.73,7.78,1.63,2.85,2.56,1.23,0.87,1
641,15,75,8.25,6,8,4,2.25,1.75,0
642,15,65,8.15,5,5,4.19,1.89,1.43,1
643,0.67,6.68,3.34,4.46,4.46,1.08,0.18,0.14,0
644,7.03,32.2,3.81,1.76,1.87,1.77,0.8,0.6,0
645,2.45,9.79,2.63,2.02,3.06,1.53,0.28,0.17,0
646,1.01,11.26,4.28,0.68,1.01,1.8,0.34,0.23,0
648,1.59,9.18,4.28,2.33,4.28,1.56,0.42,0.19,1
649,8.5,25,14.5,1,3,4,1,1,0
650,3.23,16.15,4.17,1.21,1.29,2.02,0.78,0.57,0
651,3.06,12.23,3.97,0.92,1.36,0.88,0.48,0.38,0
653,9.83,37.66,6.55,2.21,4.09,2.57,1.56,0.78,1
654,4.46,20.29,4.06,1.08,1.62,1.22,0.55,0.42,1
655,5.41,19.61,4.06,0.81,1.35,0.84,0.48,0.39,1
656,8.66,28.88,6.94,5.78,9.4,3.73,0.72,1.23,0
657,11.17,59.56,8.93,5.21,5.21,3.36,1.38,1.15,1
658,25,70,9,4,6,4.89,2.58,2.09,1
659,3.75,20.5,4.25,0.95,1.43,1.43,0.65,0.7,0
660,6.86,34.52,6.12,1.79,2.1,2.53,1.69,1.69,0
661,1.77,26.52,2.17,1.33,1.59,2.48,1.5,0.57,0
662,8,54,7.5,3.25,6,3.79,2.25,1.27,0
663,1.58,11.26,3.94,0.79,1.13,1.58,0.31,0.23,0
664,7.52,25.94,4.62,1.19,3.63,2.73,0.85,0.67,0
665,6.14,29.96,5.05,4.33,4.33,3.18,0.94,0.79,0
666,15.5,60,8.25,5.5,7.99,5.06,2.38,1.71,1
668,6.5,21.66,5.05,2.89,2.17,2.57,1,0.36,0
669,1.01,28.16,4.73,0.9,0.84,2.25,0.27,0.23,0
672,20,70,9,4,6,3.85,2,1.71,1
673,5.59,27.95,5.59,1.58,3.54,1.55,0.87,0.5,0
674,2.65,21.22,2.3,2.21,2.21,2.21,0.8,0.47,0
675,3.54,17.68,2.74,1.33,2.43,2.68,0.97,0.52,0
676,0.86,9.79,1.84,1.84,3.98,1.44,0.45,0.18,0
677,2.45,9.79,3.37,2.14,4.28,1.59,0.37,0.16,0
678,5.59,18.63,5.59,1.49,2.24,1.44,0.89,0.47,0
679,2.99,10,4.04,1,2,0.94,0.73,0.41,0
680,15,60,9,5.62,7,4.87,2.56,1.38,1
682,1.22,9.18,4.9,2.75,2.45,2.14,0.43,0.31,0
683,2.14,6.12,5.51,1.53,2.69,0.98,0.4,0.18,0
684,3.5,12,2.5,2,3,0.75,0.9,0.5,0
685,3.98,9.72,2.56,1.11,1.33,2.12,0.31,0.27,0
686,14.15,61.42,8.93,5.21,5.58,3.45,1.87,1.28,1
687,3.54,10.61,2.74,1.33,2.43,2.68,0.97,0.52,0
688,5.55,33.32,5.55,2.22,1.78,2.61,1.08,0.75,1
689,6.55,32.75,5.49,1.31,1.97,2.35,1.09,0.45,0
690,4.1,15,4.91,3.53,4.21,1.52,0.34,0.26,0
691,1.58,11.26,4.51,0.68,1.01,2.25,0.34,0.24,0
692,22,48,8.38,4.5,10,3.5,2.9,2.05,0
693,10.39,41.55,8.31,2.6,2.6,1.6,1.59,1.25,1
694,4.69,29.96,5.05,5.78,4.33,2.79,0.94,0.79,0
695,1.84,7.96,3.49,1.47,2.45,1.34,0.45,0.16,1
696,4.66,27.95,6.52,1.49,2.8,1.41,0.95,0.64,1
698,10.39,51.93,8.57,4.15,3.64,1.69,1.69,1.04,1
699,5,19,3.28,0.75,1,1.93,0.5,0.35,0
700,13.25,48,8,4,5,4.5,1.89,1.5,1
701,1.84,9.79,3.06,1.65,2.45,1.39,0.35,0.17,0
702,7.78,25.94,7.61,1.69,2.33,2.63,0.97,0.68,0
703,5.92,20.76,6.23,1.56,3.63,1.49,0.77,0.74,0
704,5.5,25.09,7.3,1.38,1.59,3.14,0.53,0.4,1
705,5.38,24.65,6.41,1.41,2.18,2.63,0.97,0.68,0
706,5.12,20.5,4.66,1.86,1.77,1.35,0.81,0.56,0
707,14.99,57,10,5,7,4.25,2.42,1.74,0
708,22,70,8,8,6,3.62,2.02,1.3,0
709,2.45,9.79,4.9,1.84,2.82,1.8,0.53,0.29,0
711,6.65,39.92,6.65,1.33,1.33,3.84,0.71,0.23,0
712,0.45,17.82,3.56,2.45,4.01,0.67,0.16,0.11,0
713,2.72,15.57,4.15,1.22,1.43,1.97,0.73,0.47,0
714,2.92,17.68,3.53,1.06,1.9,1.77,0.96,0.51,0
715,1.67,10.02,2.47,0.6,2,1.34,0.22,0.17,1
716,1.21,12.12,4.04,0.81,0.81,1.21,0.48,0.2,0
717,5.28,22.62,5.28,3.02,3.39,3.39,1.24,0.6,0
718,3.73,27.95,5.57,0.75,1.86,1.26,0.56,0.28,0
719,5.22,27.95,7.08,2.24,2.8,1.54,1.02,0.58,1
720,11.43,60.24,9.35,4.83,4.15,3.31,2.86,2.52,1
721,8.19,45.03,5.73,1.64,2.46,2.64,1.11,0.38,1
722,10,40,8,3,4.5,1.79,1.05,0.36,0
723,7.78,33.32,5.55,2.78,2.67,2.59,1.32,0.95,1
724,2.89,17.35,6.87,1.74,3.04,2.58,0.69,0.55,1
725,1.22,7.96,3.06,1.47,2.45,1.34,0.31,0.16,0
726,5.28,27.52,4.37,3.02,3.77,2.45,1.03,0.45,0
727,2.89,23.64,3.33,4.77,5.55,2.95,0.66,0.44,1
728,20.5,64.35,10,5,7,5.5,2.7,2.1,1
729,13.41,60.36,10.06,5.36,6.04,3.4,2.21,1.58,1
730,16.1,72.71,9.35,5.19,4.15,3.14,2.53,2.49,1
731,12.46,62.32,9.65,4.15,4.15,3.19,2.98,2.66,1
732,4.66,18.63,5.59,1.49,2.33,1.46,0.68,0.47,0
733,5.99,17.98,9,2,1.8,2.9,1.05,0.72,0
734,21,70,8.75,5,6,4.6,2.15,1.95,1
735,5.73,36.85,5.73,1.18,1.8,1.77,1.04,0.43,0
736,5.3,35.36,3.54,1.68,3.54,2.3,0.82,0.47,1
737,5.41,16.23,3.92,0.41,0.95,0.81,0.54,0.32,0
738,2.73,24.53,3.07,1.02,0.36,0.74,0.42,0.23,1
739,18.02,72.07,7.21,4.8,4.8,3.52,1.82,1.12,1
740,1.65,7.35,2.45,1.47,2.82,1.58,0.42,0.17,1
741,1.35,9.79,4.28,1.47,1.96,0.98,0.27,0.18,0
743,10,47.5,8.5,5,6,3.96,2.67,1.65,1
744,1.27,9.53,3.18,3.02,2.38,1.49,0.63,0.37,0
745,1.75,25,3,0.7,1.5,0.9,0.36,0.4,0
746,2.45,7.35,3.37,1.84,3.06,0.61,0.31,0.2,0
747,8.19,32.75,4.58,1.64,2.46,1.97,1.15,0.41,0
748,1.58,11.26,4.51,0.68,1.01,2.14,0.34,0.24,0
749,8.6,40.94,6.55,2.62,3.68,3.03,1.12,0.53,1
750,3.35,18.63,5.03,1.21,1.58,1.3,0.68,0.47,0
751,16.38,49.13,6.55,2.21,2.87,2.87,1.29,0.9,1
752,11.43,57.16,8.57,6.19,6.67,3.7,1.81,1.7,1
753,1.66,14.43,3.33,4.55,3.44,2.8,0.64,0.28,0
754,8.19,49.13,5.73,2.54,3.28,2.69,1.43,0.68,1
755,4.33,16.8,2.43,0.88,1.59,2.95,0.95,0.65,0
756,2.23,20.95,4.82,2.51,1.82,3.63,0.37,0.26,0
757,13.1,40.94,9.01,2.87,4.09,2.18,1.14,0.47,1
758,10,35,3.5,1,2,1.3,1,1.1,0
759,2.12,12.82,2.65,0.88,1.77,2.18,0.5,0.39,0
760,15,60,9,4.5,6,4.82,2.28,1.78,1
761,0.73,7.35,4.28,1.22,2.45,1.14,0.21,0.21,0
762,1.27,11.12,2.86,1.91,2.51,1.79,0.53,0.3,0
763,1.27,25.43,3.18,1.27,2.54,1.91,1.02,0.2,0
764,9.35,51.93,8.31,4.15,3.64,3.25,2.8,2.39,1
765,8.78,35.13,4.1,1.87,2.34,1.76,0.96,0.73,1
766,3.35,18.63,5.96,1.07,2.05,0.89,0.78,0.35,0
767,6.14,28.88,4.76,2.53,3.61,2.82,0.89,0.74,0
768,6.14,36.1,5.05,2.89,4.33,2.96,0.89,0.79,0
769,4.67,24,5.19,7.52,2.33,3.11,0.93,0.64,0
770,11.17,67.01,7.45,5.03,5.21,2.62,1.66,0.98,1
771,2.19,18.12,3.66,2.54,4.77,1.27,0.56,0.36,0
772,2.3,9.79,2.45,1.35,2.69,1.84,0.37,0.12,0
773,2.55,14.78,5.1,0.71,1.83,1.22,0.51,0.38,1
774,8.66,28.88,6.4,3.61,3.61,2.62,1.1,0.98,0
775,12.46,51.93,8.31,4.05,2.86,3.16,2.04,2.01,1
776,5.19,18.16,5.97,1.82,3.63,1.95,0.65,0.47,0
777,4.91,30.7,6.14,1.97,4.91,2.84,1.25,0.52,0
778,5,30,4,1.5,3,1.25,1.42,1.01,0
779,14,55,8,4,5.5,4.03,2.05,1.46,1
780,13.5,65,9,5,6,3.62,2.02,1.39,1
781,8.04,18.68,5.71,2.46,3.89,1.82,1.06,0.61,0
782,14,75,9.76,5,8.5,4.17,2,1.38,0
783,11.43,54.53,8.56,3.53,3.12,2.82,2.6,1.64,1
784,2.45,12.23,3.67,1.02,1.22,0.9,0.66,0.49,1
785,2.22,17.76,3.55,1.78,3.11,2.55,0.67,0.43,1
786,15.58,62.32,8.31,5.19,5.19,1.69,2.56,0.99,1
787,16,55,9,6,7,5.6,2.45,2.21,1
788,10.39,44.14,8.31,2.86,3.12,1.8,1.86,1.26,1
789,3.73,13.04,4.47,0.93,1.49,1.12,0.89,0.56,0
790,11,40,7,3,4.5,4.8,1.67,1.2,0
791,8.19,24.56,6.55,1.51,2.05,2.46,1.01,0.47,1
792,4.93,38.32,3.94,2.19,1.75,1.64,0.99,0.78,0
793,1.84,18.36,5.2,2.02,2.33,1.41,0.37,0.19,1
794,18.02,69.07,7.21,5.41,6.01,4.05,2.13,1.45,1
795,7.22,26.71,5.05,3.61,3.61,2.17,1.44,0.69,0
796,12.46,51.93,10.38,4.67,3.12,3.29,1.99,2.01,1
797,4.23,28.21,5.64,5.29,6.35,1.06,0.5,0.35,0
798,19,75,8,3,4.62,4.31,1.95,1.57,0
799,22,70,10.5,5,4.75,4.86,1.62,1.29,0
800,6.23,28.54,5.97,2.59,2.59,2.74,1.05,0.7,1
801,0.98,7.35,4.9,1.65,1.96,0.73,0.39,0.13,0
803,18.42,70.42,5.32,3.6,4.67,2.95,1.74,1.15,0
804,1.27,6.99,2.86,2.22,3.02,0.87,0.79,0.29,0
805,2.14,13.77,6.12,1.84,2.51,1.18,0.41,0.15,0
806,10.39,46.74,8.31,3.64,3.64,3.05,2.93,2.23,1
807,15,65,7.25,3.38,5,3.72,2.17,1.22,0
808,15,80,9,8,7,5,2.1,1.78,1
810,1.35,11.02,3.06,0.98,2.45,1.47,0.32,0.17,0
811,18.02,72.07,7.21,4.97,5.41,3.61,2.1,1.54,1
812,3.99,19.93,2.19,1.1,4.09,1.2,0.6,0.27,0
813,0.61,9.79,3.67,1.84,3.67,1.22,0.37,0.14,0
815,2.02,8.88,4.16,1.84,3.67,1.51,0.43,0.16,0
816,5.7,24.56,3.6,3.77,3.26,1.47,0.95,0.32,0
817,4,29.19,4.96,0.95,1.94,1.49,0.92,0.76,0
818,2.7,37.27,4.66,1.3,2.24,1.3,1.09,0.54,0
819,2.31,14.99,5.88,1.41,3.33,2.31,0.58,0.38,0
821,4.42,17.68,3.45,1.41,2.08,2.3,0.82,0.38,0
822,3.73,16.77,5.22,1.49,2.8,1.08,0.84,0.48,1
823,10.64,27.94,6.65,1.33,1.6,2.48,0.67,0.3,0
824,5,19.44,3.5,1.2,2.75,1.55,0.6,0.29,0
825,4.15,36.32,4.67,1.3,2.08,2.56,0.62,0.52,0
826,0.86,6.12,3.06,3.06,2.45,0.73,0.31,0.18,0
827,10.39,57.13,8.31,4.93,4.15,3.31,2.94,2.97,1
828,1.91,8.7,5.78,1.22,1.89,1.42,0.62,0.65,0
829,6.66,33.32,5.55,2.22,2.11,2.56,1.34,1.3,1
830,2.74,26.52,2.65,1.68,3.54,2.3,0.82,0.47,0
832,2.04,14.27,3.87,0.61,1.12,0.71,0.44,0.25,0
833,8.19,36.03,5.73,2.46,3.28,2.01,1.38,0.49,1
834,4.96,23.7,4.13,1.19,1.37,2.41,0.84,0.39,0
835,18.7,77.9,9.35,4.15,4.15,3.27,2.68,2.44,1
836,15.58,62.32,10.39,6.75,5.97,2.92,2.73,1.51,1
837,6.55,19.65,5.73,1.64,2.46,2.46,1.31,0.49,0
838,8.19,38.48,4.91,1.31,2.46,1.47,0.97,0.41,0
839,4.15,19,5.95,1,0.75,1.11,0.5,0.35,0
840,2.14,9.18,2.6,1.53,5.08,1.2,0.43,0.18,0
841,3.06,8.57,4.28,3.06,4.28,1.1,0.49,0.16,0
842,3,18.37,3.17,1.22,1.5,1.81,0.88,0.47,0
843,7.22,36.1,5.05,2.89,3.61,2.57,1,0.76,0
844,1.63,11.21,3.67,0.61,1.53,1.38,0.51,0.48,0
845,8.82,28.54,10.38,1.56,1.56,0.78,0.65,0.42,0
846,13.21,60.06,7.81,4.8,4.8,3.46,1.49,1.17,1
848,3.26,16.29,3.26,1.63,1.83,1.15,0.23,0.15,0
849,7.37,36.85,7.37,2.78,1.64,2.24,0.85,0.32,0
850,5.28,24.88,6.3,1.88,2.83,3.11,1.21,0.58,0
851,1.12,9.3,5.58,3.72,3.95,1.61,0.51,0.33,1
852,10.39,49.34,8.31,3.64,4.15,3.09,2.8,3.01,1
853,18.02,78.08,7.21,5.5,4.68,3.56,1.64,1.02,1
854,3,17,3,0.85,1,1.03,0.4,0.33,0
855,13,70,7,5,6,5.43,3.06,1.56,1
856,13.4,59.56,7.82,5.12,5.96,3.92,1.69,1.36,1
857,7.94,27.79,6.14,2.53,3.61,2.53,1.44,1.35,0
858,2.85,12.22,3.26,1.32,2.04,1.08,0.24,0.13,0
859,3.67,7.96,4.9,1.78,3.37,0.73,0.24,0.12,0
860,8,30,10.25,1.25,2.25,1.25,1,1.43,0
861,4.2,25.02,6.44,5,4.2,0.9,0.33,0.21,0
862,5.12,26.09,5.59,2.05,3.73,1.75,0.97,0.61,1
863,1.22,4.9,1.84,2.45,3.06,0.73,0.36,0.14,0
864,3.06,17.32,4.08,0.57,1.43,1.22,0.56,0.41,0
866,6.55,36.85,4.09,1.23,2.46,1.64,0.85,0.7,0
868,5.78,25.27,5.05,2.17,2.53,3.25,0.99,0.72,0
871,2.53,26.4,5.97,1.61,2.74,2.03,0.71,0.67,0
873,3.23,19.38,3.88,1.29,1.29,1.29,0.65,0.48,0
874,4.28,14.69,3.06,1.53,1.84,1.29,0.34,0.13,1
875,2.65,20.33,2.74,1.41,2.03,2.48,0.6,0.37,0
876,5.3,35.36,3.54,1.68,3.54,2.3,0.82,0.47,0
877,5.41,28.88,5.23,2.53,2.53,2.53,0.84,0.63,0
878,5.4,27.91,5.59,0.93,2.05,1.6,0.98,0.53,1
879,30.5,67.5,10,5,6,3.6,2.33,1.9,0
880,13.1,24.56,3.98,1.64,2.29,1.8,0.97,0.41,0
881,3.38,17.58,2.98,0.54,1.35,0.77,0.47,0.3,1
882,5.41,27.07,5.05,2.53,2.53,2.17,0.84,0.63,0
883,2.11,21.09,3.33,3.33,4.44,2.53,0.55,0.34,1
884,2.56,15.82,5.12,2.05,1.77,1.26,0.43,0.26,1
885,1.11,15.59,4.01,1.78,3.56,0.76,0.27,0.22,0
886,5.19,23.35,6.23,1.82,3.11,3.21,0.82,0.69,0
887,2.33,8.88,3.33,3.33,3.33,2.37,0.59,0.39,0
888,10.39,46.74,9.35,4,4.15,3.01,2.8,2.52,0
889,2.31,14.99,5.88,2.05,3.33,3.4,0.58,0.38,0
893,16.88,62.32,9.35,6.23,5.19,2.77,2.43,1.96,1
894,18.02,72.07,7.21,5.41,5.41,3.63,1.99,1.26,1
895,1.22,15.59,4.01,1.89,3.56,0.97,0.27,0.22,0
896,1.22,6.12,3.06,2.33,3.67,1.43,0.33,0.15,0
897,20,60,8,4,6,4.32,1.9,1.54,1
898,3.4,32.67,6.81,8.85,11.57,4.17,0.61,0.27,1
899,13.1,49.13,6.96,1.9,4.09,2.78,1.28,0.58,1
900,20,60,9.75,3.25,5,5,2.25,1.75,1
901,2.45,10.1,2.75,3.37,5.51,1.63,0.45,0.17,0
902,12,45,7.5,3.5,5.5,4,1.92,1.25,1
903,10.23,24.56,5.73,1.29,1.97,1.47,1.06,0.41,0
904,2.45,9.79,2.63,1.99,2.45,0.98,0.37,0.16,0
905,2.98,9.32,11.18,1.3,2.14,0.93,0.84,0.37,0
906,5.59,33.54,6.52,1.58,2.8,1.65,1.1,0.78,1
908,4.23,28.21,7.05,7.05,7.05,2.12,0.54,0.32,0
909,10.23,36.03,6.55,1.64,2.46,2.4,1.25,0.63,1
910,1.87,5.62,4.68,4.45,4.56,1.59,0.44,0.16,1
913,5.78,32.49,4.84,3.61,4.33,2.89,0.99,0.54,0
914,20,100,9.95,6,8,4.67,2.08,1.33,0
915,6,26.5,5.5,1.5,2.5,1.62,0.66,0.57,0
917,2.92,17.68,2.65,1.77,2.21,1.77,0.34,0.3,0
918,16.22,60.06,7.21,5.11,5.41,3.52,1.79,1.04,1
919,2.56,8.97,4.47,1.41,1.67,2.47,0.48,0.4,0
921,15.5,60,8,3,6,4.67,2.17,1.29,0
922,2.48,14.14,2.65,1.06,2.12,1.63,0.34,0.21,0
923,2.65,30.94,4,1.5,2.56,2.35,0.76,0.67,1
924,6.65,18.63,6.25,1.6,1.46,3.28,0.67,0.2,0
925,5,25,5,1,2,1.3,1,0.81,0
926,6.66,33.32,5.55,2.67,2.22,2.48,1.43,1.38,1
927,5.3,15.03,3.01,0.88,1.5,4.42,0.37,0.29,0
928,5.49,24.5,10,2,1.71,3.5,0.49,0.29,0
929,1.27,12.71,3.02,2.54,8.26,3.81,0.32,0.16,0
930,0.9,22.53,4.17,0.79,1.46,1.13,0.51,0.39,0
931,6.5,27.07,5.05,2.89,2.53,3.25,0.87,0.77,0
932,12.46,51.93,7.79,2.08,2.6,1.69,1.43,0.86,1
933,2.65,15.91,2.65,1.68,1.5,2.08,0.82,0.47,0
934,15,49,9,5,6,4.2,2.98,2.43,1
935,3.67,9.79,4.9,1.84,3.37,1.02,0.38,0.12,0
936,2.44,12.21,3.33,2.63,3.33,2.67,0.59,0.37,0
937,13.41,40.24,9.39,5.36,3.02,2.84,2.46,2.01,0
938,20,65,9.85,7.25,8,5.79,3.01,1.89,1
939,12.75,45,8,3.5,5,4.5,1.85,1.29,0
940,5.28,18.85,5.28,2.83,3.13,3.02,1.13,0.55,0
941,6.14,43.31,5.41,3.07,5.05,3.34,1.11,0.88,0
942,18.93,87.39,16.02,9.32,8.74,4.14,3.09,2.25,1
945,3.54,8.84,2.2,1.77,3.89,2.03,0.82,0.34,0
946,2.75,12.24,2.91,1.22,3.67,2.05,0.48,0.17,0
947,4.07,14.25,2.85,1.22,2.04,1.15,0.26,0.16,1
948,2.66,13.32,4,3.44,4.44,2.59,0.55,0.31,1
949,14,75,9,5,6,4.25,1.93,1.19,1
950,6.76,21.64,3.52,1.08,1.49,1.09,0.63,0.43,0
951,1.4,5.62,4.68,1.69,3.98,1.78,0.27,0.14,0
952,13.1,49.13,6.96,1.9,4.09,2.78,1.28,0.58,0
953,18,65,9,5,6,5.56,2.11,1.7,1
954,8.04,18.68,5.71,1.3,3.89,1.82,1.06,0.61,0
955,3.23,22.62,4.2,1.78,1.62,2.35,0.78,0.67,1
956,10.45,32.15,7.5,1.93,2,2.3,1.03,0.54,0
957,8.19,32.75,6.96,1.9,2.46,1.47,0.66,0.33,0
958,1.58,9.01,6.76,1.01,1.8,3.4,0.35,0.2,0
959,2.53,14.44,4.33,2.09,1.44,0.81,0.49,0.24,1
960,12.5,50,7,4.5,6,3.5,2.28,1.12,0
961,6.5,15,5,4,2,2,2,1,0
962,3.73,14.91,4.38,0.93,2.33,0.98,0.7,0.34,0
963,2,65,2.5,0.7,1.7,1.77,0.36,0.75,0
965,26.42,126.81,15.85,7.4,7.4,5.51,4.61,4.37,1
966,5.59,32.61,5.59,2.24,3.54,1.55,1.07,0.65,1
967,15,75,8,4.75,6,4.62,2.67,1.62,0
968,1.27,7.63,2.86,2.22,2.86,1.59,0.51,0.23,1
970,2.04,14.27,4.84,0.55,1.43,1.09,0.43,0.33,1
971,7.22,27.79,6.14,1.8,2.89,2.53,0.94,0.79,0
972,17.5,90,10.25,7,7,4.73,2.42,1.72,1
973,5.59,22.36,7.45,0.93,2.8,1.27,0.84,0.61,0
974,6.41,30.16,5.65,3.77,6.79,4.47,1.65,0.77,0
976,5,19,3.28,0.75,1,1.93,0.4,0.35,0
977,4.67,25.94,6.75,1.82,3.37,2.33,0.89,0.62,0
978,8.52,40.94,4.91,1.23,2.29,2.5,1.01,0.51,0
980,1.92,25.62,5.64,2.05,3.84,1.54,0.66,0.47,1
981,3.28,35.13,4.24,1.99,2.34,1.05,0.89,0.64,0
982,4.19,23.26,5.58,2.33,1.86,1.4,0.99,0.5,1
983,2.79,31.64,5.16,2.79,4.65,1.65,0.52,0.28,1
984,15,62.5,8,3.5,7,4.45,2.06,1.27,1
985,15.07,40.17,10.04,3.01,4.02,3.01,2.01,2.01,0
987,13.43,52.12,10.42,2.23,4.47,3.35,1.49,0.97,1
988,5.59,20.5,13.04,1.86,2.8,1.86,1.3,0.93,0
989,1.85,16.22,2.78,1.39,1.31,0.69,0.5,0.2,0
990,4.66,18.63,4.66,2.24,4.66,1.68,1.06,0.58,0
991,5.28,35.81,5.65,2.26,3.02,3.39,1.32,0.78,0
992,1.84,10.41,2.45,1.84,3.49,1.09,0.28,0.18,0
993,3,10,2.25,0.85,1,1.03,0.4,0.33,0
994,18,60,6.6,4,5.5,4.79,1.88,1.54,0
995,6.5,36.1,5.05,2.89,5.05,3.25,0.99,0.77,0
996,11.46,40.94,4.91,1.43,2.95,2.37,0.96,0.61,0
997,2.15,6.97,2.82,0.91,1.18,1.01,0.34,0.11,0
998,1.33,17.76,3.55,2.66,3.33,1.92,0.54,0.32,0
999,15,70,9,6,7,5.44,2.5,1.72,1
1000,8.19,39.3,5.73,1.47,1.8,1.69,0.93,0.41,0
1001,2.57,25.73,5.04,0.86,2.06,2.22,0.64,0.32,0
1002,3.47,25.27,5.05,1.73,2.53,1.8,0.75,0.65,0
1003,15,47.5,8,3.5,6.5,4.5,1.57,1.88,0
1004,2.19,15.03,3.09,0.88,1.59,1.41,0.4,0.34,0
1005,4.08,32.67,5.88,2.04,3.27,2.24,0.54,0.45,0
1006,1.08,12.71,2.38,2.38,3.81,1.11,0.57,0.14,0
1007,0.67,7.8,3.56,4.46,4.46,1.08,0.18,0.14,0
1008,15,50,9,6.25,8,4.83,1.88,1.67,0
1009,2.22,13.35,4.13,4.13,6.36,2.07,0.44,0.29,0
1010,5.78,29.96,4.33,2.89,2.17,3.18,0.72,0.65,0
1011,8.39,19.57,7.45,1.68,2.24,1.86,1.12,0.65,0
1012,15,85,10,5,6.5,4.75,2.86,1.41,1
1014,6.5,36.1,5.05,2.6,2.53,3.03,0.75,0.65,0
1015,1.84,9.79,4.28,0.8,1.96,0.98,0.27,0.2,0
1018,7.22,32.21,5.55,1.44,2.22,2.55,1.01,0.79,1
1019,13.5,55,9,4,5,4.5,2.33,1.8,1
1020,16.38,49.13,7.37,1.64,2.46,2.99,1.36,0.74,1
1021,1.24,5.52,5.63,1.13,1.58,2.14,0.23,0.25,0
1022,6.5,30,6.88,1.3,2.25,1.35,1.07,0.81,0
1023,3.26,12.22,4.07,1.22,2.04,0.88,0.3,0.17,0
1024,3.17,18.63,4.66,0.93,1.86,1.18,0.78,0.35,0
1025,8.19,28.66,6.55,1.31,1.47,2.13,0.98,0.41,0
1026,7.22,28.88,6.94,5.78,4.33,3.73,1.61,1.23,0
1027,4.66,18.63,5.59,1.28,2.66,1.69,0.87,0.49,1
1028,3.88,28.5,5.66,0.95,1,3.72,1.03,0.51,0
1029,5.59,27.95,6.52,1.68,4.66,2.24,1.18,0.81,0
1030,3.54,18.63,5.78,1.02,1.68,1.06,0.65,0.5,0
1031,3.47,25.27,5.05,1.73,2.53,1.8,0.75,0.65,0
1032,8,20,4.92,1,2,1.3,1.6,0.93,0
1033,6.5,18.05,5.41,1.44,3.61,3.61,1.42,0.77,0
1034,17,95,8.83,7.5,7.5,4.66,2.67,1.79,1
1035,20,60,10,6,4.68,4.94,2.85,1.44,0
1036,28.5,60,8.95,5.5,6.5,4.06,1.88,1.76,1
1037,1.11,6.68,2.9,2.23,2.9,0.7,0.18,0.12,0
1038,15,110,7,5,8,4,2,2,0
1040,7.07,28.88,5.05,2.17,4.11,1.08,0.87,0.71,0
1042,8.19,40.94,5.73,1.47,2.46,2.09,1,0.43,0
1043,3.23,17.16,4.44,1.11,1.82,1.72,0.46,0.29,1
1044,6.14,43.31,5.05,2.03,4.15,2.82,0.81,0.81,0
1045,1.13,13.97,4.96,1.13,0.79,2.25,0.68,0.27,0
1046,12,47.5,7.5,3.5,5,4.25,2.25,1.67,1
1047,3.26,17.7,3.35,1.02,1.58,0.65,0.93,0.37,0
1048,0.67,10.47,4.01,1.78,2.12,0.97,0.22,0.18,0
1049,5.87,33.54,5.96,0.93,3.73,1.58,0.71,0.47,0
1050,17.66,70.11,8.31,5.19,4.93,1.62,2.65,1.15,1
1051,17.5,60,8.55,5,6,4.33,2.23,1.76,1
1052,2.76,16.81,4.17,1.83,3.5,0.89,0.46,0.2,0
1053,1.84,8.57,1.84,2.45,5.51,0.98,0.24,0.12,0
1056,3.49,24.14,3.62,2.15,2.68,1.71,0.61,0.2,0
1057,15.58,62.32,9.61,5.19,4.15,1.5,2.74,1.33,1
1058,1.4,12.1,4.65,2.56,2.79,1.15,0.41,0.26,1
1060,15.45,52.5,8.25,4.75,6.25,5.05,1.29,1.62,0
1061,13.67,62.13,8.08,5.59,6.21,3.36,2.16,1.9,1
1062,6.32,31.58,4.58,0.74,1.05,1.68,0.56,0.46,0
1063,19.5,65,8,6,7.5,4.87,1.94,1.68,1
1064,2.65,21.22,3.97,0.97,1.77,1.59,0.88,0.27,0
1065,6.5,27.07,5.38,2.89,2.53,3.25,0.87,0.83,0
1066,13.5,50,8.5,5.5,6,3.5,2.28,1.4,0
1067,12.97,20.76,5.71,1.5,3.89,2.94,0.93,0.73,0
1068,18.61,78.92,9.68,4.47,4.84,3.5,1.93,1.49,1
1069,5.75,24.78,5.31,1.95,2.21,1.5,1.45,1.14,1
1070,1.54,12.81,2.56,1.79,2.82,2.56,0.64,0.32,0
1071,17.5,54.73,6,2.73,4,4.44,2.07,1.86,0
1072,20,60,9,4.5,7,3.15,3.17,1.83,0
1075,6.76,16.23,3.52,0.95,1.62,1.03,0.61,0.43,1
1076,15.53,74.56,8.85,6.52,6.99,3.48,2.02,1.8,0
1077,3.67,8.57,3.67,2.45,3.67,1.84,0.42,0.16,0
1078,1.59,15.91,2.61,0.88,1.24,1.33,0.34,0.29,0
1079,3.54,20.33,2.74,1.41,2.03,2.65,1.06,0.44,0
1081,2.45,14.27,5.2,0.92,1.63,1.09,0.82,0.5,0
1082,7.96,31.86,5.97,1.33,2.39,1.56,1.19,0.7,1
1083,6.14,43.31,5.05,2.89,4.33,3.01,0.89,0.81,0
1084,3.39,25.85,4.85,3.23,2.91,3.02,0.95,0.71,0
1085,3.54,12.82,2.65,3.54,1.77,1.77,0.56,0.49,1
1086,3,12,6.44,5,4.2,0.9,0.33,0.17,0
1087,3.46,39.92,6.65,1.33,1.6,3.19,0.8,0.27,0
1088,3.73,17.7,4.94,0.93,2.24,1.77,0.98,0.67,0
1089,12.01,48.05,8.41,4.2,4.8,3.21,1.92,1.14,1
1090,12.98,51.93,8.2,3.64,3.12,2.39,1.95,1.43,1
1091,7.22,27.07,5.05,3.61,3.61,2.17,0.94,0.69,0
1092,1.91,15.3,4.78,1.53,2.87,1.05,0.42,0.17,0
1094,12,38.27,15,4.5,6.5,2.77,1.3,2.25,0
1095,7.22,27.07,5.05,6.99,7.99,4.99,1,0.69,0
1096,19.65,27.84,4.3,2.17,3.28,2.62,0.71,0.63,0
1097,5.22,37.27,6.52,1.49,4.01,1.94,1.13,0.56,1
1098,9.89,39.56,4.35,1.25,1.98,1.48,0.69,0.52,0
1099,2.22,8.88,5.55,5.33,3.33,1.22,0.5,0.3,0
1100,2.02,20.03,5.21,0.81,1.62,1.89,0.43,0.27,0
1102,2.11,14.74,4.42,0.84,0.84,1.4,0.44,0.39,0
1103,5.99,19.98,9.99,3.06,3.73,2,1.31,0.5,0
1104,4.69,27.79,4.33,2.53,3.61,2.53,1.11,0.85,0
1105,13.24,57.13,8.31,3.12,3.12,1.63,2.07,1.27,1
1106,13.5,44.14,8.31,3.64,3.12,3.58,2.23,2.35,0
1107,2.15,9.66,3.35,1.61,1.74,1.33,0.5,0.15,0
1108,9.83,39.3,5.73,1.31,1.97,2.82,0.76,0.33,0
1109,3.47,25.27,5.05,1.73,2.53,1.8,0.75,0.65,0
1110,2.65,14.14,3.54,0.88,2.65,1.94,0.66,0.44,0
1111,6.32,27.37,6.53,1.47,1.21,1.47,0.73,0.32,0
1113,2.01,8.05,3.08,1.61,2.41,1.1,0.54,0.27,0
1114,2.55,14.78,5.1,0.71,1.83,1.22,0.41,0.38,0
1115,11.5,56.5,10,2.5,3.45,2.33,1.66,1.2,0
1116,20,57.5,8,5,5,4.57,2.18,1.64,0
1117,16.38,28.66,7.78,1.47,1.64,2.21,1.26,0.55,0
1118,6.86,19.85,5.78,3.61,5.41,2.53,1.44,1.26,0
1119,20,65,9,8.35,6,5.03,3.01,1.89,0
1120,14.12,25,8,2.5,3.25,3,1.85,0.95,0
1121,6.37,31.86,5.31,1.59,2.65,1.54,1.13,0.88,1
1122,7.78,39.99,5.55,3.11,3.22,2.67,1.38,1.22,1
1123,6.32,23.16,3.37,0.81,1.32,1.05,0.68,0.32,0
1124,3.35,13.04,4.47,0.84,1.86,0.93,0.84,0.56,0
1125,3.63,12.97,7.91,1.82,3.11,1.04,1.3,0.62,0
1126,17.66,62.32,9.69,5.19,5.19,3.5,2.99,2.35,1
1127,16.5,57.5,10,4.25,5.75,4.26,2.64,1.42,1
1128,6.57,56.92,5.47,3.55,4.38,4.01,1.09,0.98,0
1129,2.2,7.35,2.93,1.65,3.55,2.45,0.45,0.22,0
1130,7,40,6,1.3,2,2.2,0.72,0.47,0
1132,3.17,22.36,5.12,1.3,1.86,1.19,0.8,0.37,0
1133,18.7,75.31,11.24,8.31,6.23,3.8,3.54,2.83,1